uporabnisko_ime,ime,priimek,email,geslo,telefonska
12-9912621,Lincoln,Entissle,lentissle0@theguardian.com,ryGI1jZtKq,111-526-8776
86-4672520,Brittaney,Hiddy,bhiddy1@mail.ru,rjK9Kz4W,566-208-5290
06-0620264,Sal,Folkard,sfolkard2@hhs.gov,Iz1gyB34tCPT,482-842-8276
69-3312246,Dominick,Agnew,dagnew3@google.pl,udkrm6,885-314-8991
93-6758284,Rochelle,Allbon,rallbon4@mit.edu,Ef9Bxh6QI,567-533-7756
80-4972861,Gabriella,Kobpac,gkobpac5@4shared.com,loIq02TVsy,421-954-0806
04-9679045,Eudora,Boydell,eboydell6@google.es,Xk8x90hDNMwJ,691-481-4263
40-6123525,Neil,Bushen,nbushen7@google.com.hk,kKT7vIX489,886-315-1976
70-9673739,Stanford,Prangnell,sprangnell8@desdev.cn,rrdSOhxm,210-751-5140
47-2937215,Edd,Charman,echarman9@de.vu,asEwGtL9ydu9,858-647-5918
29-5124586,Jaye,Fransson,jfranssona@skyrock.com,1QHzkFcb,571-908-3940
55-1443538,Carce,Alben,calbenb@google.fr,oZIKsjYefE,153-711-1979
88-2043451,Kalindi,Parncutt,kparncuttc@t-online.de,QosKd8WY,442-475-0080
81-5091960,Akim,Perrygo,aperrygod@bluehost.com,1yz28au6,691-481-2741
27-8768411,Juieta,Byway,jbywaye@shinystat.com,Il9sVEFgMv,829-382-5930
53-9286028,Wyn,Ravilious,wraviliousf@sakura.ne.jp,Mk9HY4ArgLP,251-315-0469
87-8518934,Janina,Gaskin,jgasking@china.com.cn,tBfPTBeGU6uA,301-775-0605
35-0625517,Annadiane,Oxby,aoxbyh@123-reg.co.uk,1nPDW6,646-454-2325
04-5875491,Charis,MacLucais,cmaclucaisi@skype.com,GalyiAJyzg6S,233-281-5623
84-4943619,Otis,Gumbrell,ogumbrellj@opera.com,FSShuAX1,103-436-1976
88-9075144,Bentlee,Efford,beffordk@sphinn.com,I7jFDZPQ8Pha,603-696-4394
19-7544536,Ginger,Slingsby,gslingsbyl@ameblo.jp,E2lzyc99,853-307-6794
42-5381540,Samuel,Pevreal,spevrealm@prlog.org,6Sg6ryW,666-671-5411
55-4868762,Antonia,Schellig,aschellign@fema.gov,wonJvdThJ,148-582-6744
28-8761850,Barth,Pflieger,bpfliegero@chicagotribune.com,0nNqlu2wa1sc,218-241-0005
37-0279187,Agace,Gerdts,agerdtsp@senate.gov,v1Q4AmFcb1b,290-479-9143
71-4357616,Kelcy,Applewhaite,kapplewhaiteq@friendfeed.com,STsPXwpPmU,497-508-5068
74-9767827,Winnie,Ketcher,wketcherr@dmoz.org,bWAwCw8,157-876-8039
56-0772206,Eleni,Spight,espights@liveinternet.ru,NPTCxhyCGXq,808-843-1430
26-4559176,Gordon,Luca,glucat@webeden.co.uk,nRIAP1flUBEH,773-650-6872
57-8342154,Fawnia,Costa,fcostau@baidu.com,9eiK2ioGQm6r,554-958-5027
58-4483359,Ebony,Braker,ebrakerv@rakuten.co.jp,SO5tUVovO,481-440-4922
47-0071111,Jamie,Llewhellin,jllewhellinw@umich.edu,ba61FT1YXs2,482-824-0230
43-7384235,Dar,Kellock,dkellockx@technorati.com,U2lZTVFYtBb,715-611-4081
53-6816210,Dru,Chason,dchasony@yahoo.co.jp,oof9Dxn6OU,165-492-1636
06-7393354,Sheree,Straughan,sstraughanz@people.com.cn,o3z2MI8T,447-589-8410
48-0840959,Boone,Rosenbaum,brosenbaum10@cbc.ca,aE4BTBW9WQ,568-319-4354
99-3752202,Westleigh,Rapkins,wrapkins11@globo.com,jUtY2jvi,456-709-9800
68-4582515,Sherilyn,Franzel,sfranzel12@youtube.com,xTiNcyBybx,444-389-4760
00-9591010,Junina,Vanes,jvanes13@zdnet.com,TCqlh7P2WBP,606-551-1262
39-2120512,Maridel,Paulton,mpaulton14@wired.com,2sosZR5wiTH6,507-931-4039
68-5757904,Morgen,Hinz,mhinz15@flickr.com,PL2Osdzm,677-343-1222
32-4044026,Kelcey,Twining,ktwining16@typepad.com,eq2sAh8gmq6h,732-402-0430
07-2501096,Kimberlyn,Rapport,krapport17@patch.com,BnAnzKSLK,898-930-1609
65-0761843,Demetria,Kimmings,dkimmings18@netlog.com,nOTbWB,897-414-2938
90-9175285,Sybyl,Bywaters,sbywaters19@google.de,JnJRwfhuCzB,703-503-4907
35-2151233,Federico,Caile,fcaile1a@list-manage.com,hkZMAue,572-211-5196
57-7648488,Eileen,Hagan,ehagan1b@dion.ne.jp,SrCeqTo,386-804-5042
38-4911226,Brenn,Varndell,bvarndell1c@ft.com,L3kBvrvwo,442-310-6331
67-3441994,Brewer,Mc Comb,bmccomb1d@alexa.com,spRZHzIj,212-557-4008
10-5434839,Raf,Casserly,rcasserly1e@mediafire.com,7QkknHXMv,699-131-4405
25-3301600,Bald,Portress,bportress1f@canalblog.com,pBAf4i7ij,714-240-4744
64-7772315,Omero,Stranger,ostranger1g@ebay.co.uk,tPamroZp,648-589-9589
29-9010382,Winnifred,Bohlsen,wbohlsen1h@soundcloud.com,l9v5S8icOCa,778-244-0194
86-1488166,Ewen,Pinckney,epinckney1i@creativecommons.org,6Ctwipfg4,801-928-6533
38-6518423,Donal,Braban,dbraban1j@disqus.com,wfSCxRyblf,864-994-4717
83-6444063,Ted,Warfield,twarfield1k@hatena.ne.jp,2pi5mEz,482-877-0297
70-9921707,Standford,Blasoni,sblasoni1l@nyu.edu,w5ykLZ,228-265-0432
34-1260801,Joachim,Bills,jbills1m@craigslist.org,wPMJhJUd,188-302-1847
82-8754528,Lorita,O'Doherty,lodoherty1n@mtv.com,OqYHJTnCS6,813-551-2659
17-5060808,Charlotta,Churchman,cchurchman1o@bravesites.com,WwnqzJy,992-157-3740
51-7037986,Ailina,Fine,afine1p@tuttocitta.it,rbvMNu,318-729-3935
66-0179174,Catharina,Croix,ccroix1q@msu.edu,CvB0OiQ6J9,418-962-2973
71-8156329,Buddy,Knevit,bknevit1r@sciencedirect.com,wB9F5OR,660-211-7450
39-0371651,Martguerita,Grocock,mgrocock1s@huffingtonpost.com,Zk5mc9E,127-247-3414
35-5541663,Thurston,Camosso,tcamosso1t@multiply.com,TAy1kZiq,200-729-1908
33-1602557,Sonny,Derby,sderby1u@nature.com,IPgE1Ol0hgBF,638-545-5270
60-6613047,Darnall,Guest,dguest1v@elpais.com,KuVPISOb,597-496-3597
05-4253577,Daniela,Garwill,dgarwill1w@parallels.com,lM89uIpz,539-407-4241
18-3729725,Modestine,Camacho,mcamacho1x@cnbc.com,5sBkaIPdg,251-289-2672
32-1609009,Colene,Wyeth,cwyeth1y@house.gov,XbubOPzU0x1Z,707-725-1655
86-0058543,Minda,Braley,mbraley1z@ucoz.com,8BZqijiV,207-769-0169
71-8119522,Judye,Willshire,jwillshire20@usgs.gov,NGXa2sEkcnpA,416-343-9570
10-3431322,Winthrop,Dimock,wdimock21@baidu.com,Xt3D3fofsT,402-952-3637
15-5433316,Jocelyne,Tunuy,jtunuy22@fastcompany.com,i5B7X2,952-139-4397
90-1669420,Joannes,Bockman,jbockman23@blog.com,n8hXppvzk,313-362-6579
71-5631674,Allard,Roxburgh,aroxburgh24@oracle.com,tHLQOqOylkj,288-209-6376
97-7802360,Rhiamon,Sillars,rsillars25@nydailynews.com,FnWGF3qMHD,967-230-8782
99-9238143,Nappy,Mackett,nmackett26@weebly.com,W28AGL52iU,650-108-1468
38-6562053,Isa,Griswaite,igriswaite27@baidu.com,eS3ANKaD,764-275-3460
38-3563607,Otho,Perl,operl28@washingtonpost.com,qjWklv,937-481-2835
47-2765317,Wilona,Marzelo,wmarzelo29@slate.com,ZSGwLQXAV,686-615-4319
01-8392547,Gregory,Fantin,gfantin2a@cam.ac.uk,xXQjzgfUS8i,507-704-0901
16-6751735,Flora,Nyssens,fnyssens2b@bloglovin.com,KqygcXMO,184-146-6164
10-4632381,Ekaterina,Carnoghan,ecarnoghan2c@vk.com,nugbMurzAr,500-958-6357
64-3240632,Anton,Goldman,agoldman2d@dion.ne.jp,RN3tTjvacK,725-995-6937
11-9433874,Danita,Stoute,dstoute2e@usatoday.com,r02ERj8Hd,850-279-2620
71-3128056,Fitzgerald,Gronowe,fgronowe2f@sakura.ne.jp,IP2PO7zUNR,239-191-3248
48-0643238,Haze,Hessing,hhessing2g@g.co,CMzUi9Pa,197-955-0710
08-5573894,Guido,Barhams,gbarhams2h@weibo.com,9p7t0y5,265-819-5793
34-0000134,Claybourne,Ashurst,cashurst2i@who.int,wggWQg9w,962-897-4554
33-2884878,Efren,Albro,ealbro2j@plala.or.jp,BRfVzm,868-865-3708
18-7867027,Aimee,Sweetsur,asweetsur2k@infoseek.co.jp,s7UaxK,597-621-7154
79-8552746,Karen,Tremmil,ktremmil2l@admin.ch,3ElIKJtx,793-187-6169
70-8052338,Miller,Scoon,mscoon2m@mapy.cz,8G6jQeo,314-424-3587
03-8959172,Damien,Consterdine,dconsterdine2n@booking.com,BBSjNvT9CJl0,923-534-9915
96-0613136,Simon,Hutt,shutt2o@technorati.com,qwcctUzf,490-761-2912
13-3754636,Genevieve,Mulford,gmulford2p@illinois.edu,rbWkPA2sVK,335-419-8726
62-6324797,Matias,Lomasna,mlomasna2q@tinypic.com,0ArgJ7y,634-256-4976
47-0455415,Tammie,Schleicher,tschleicher2r@salon.com,muu6z4C,711-494-9571
25-4471781,Andriette,Bucke,abucke2s@deliciousdays.com,txtHug9k,875-947-0891
31-1573996,Vaughan,Lanfere,vlanfere2t@com.com,Tc4N060VpJie,362-634-0300
53-9949740,Ernst,Galton,egalton2u@princeton.edu,bmqI6U,873-676-4386
37-1552474,Jimmy,Maulin,jmaulin2v@arizona.edu,nF2nfdR6A4U,997-502-5932
04-0014315,Marijn,De'Vere - Hunt,mdeverehunt2w@domainmarket.com,jLikwDc65y,284-411-0605
14-9455717,Kingsly,Kinver,kkinver2x@ocn.ne.jp,mNq1mg,337-960-2284
71-3889483,Dew,Waber,dwaber2y@buzzfeed.com,yYMn8hAq,407-703-1015
37-1636838,Gallagher,Dannehl,gdannehl2z@reuters.com,mfBsmRFVPE,842-705-0671
73-5388623,Skippie,Tue,stue30@bbc.co.uk,r5zeSrIiIF,695-486-4713
10-0632302,Renata,Kilshall,rkilshall31@independent.co.uk,9JRURyh2ni,757-374-0185
57-6953382,Nicol,Sjostrom,nsjostrom32@geocities.jp,ISHp5L77ugXl,935-515-3585
84-4838815,Nikola,Ferrie,nferrie33@nbcnews.com,Pmz34qG,104-356-7052
23-4471402,Dorey,Dolby,ddolby34@plala.or.jp,XLN8JHJe68c,861-363-3239
72-5759163,Clay,Burnip,cburnip35@buzzfeed.com,B3NG8QD,847-231-9755
57-1067682,Morrie,Belone,mbelone36@statcounter.com,RgMXRVeK2SVF,153-888-8168
89-5848245,Mathias,Ternent,mternent37@domainmarket.com,tvyVbq7b,152-728-2682
30-1929414,Fancy,Cazereau,fcazereau38@hatena.ne.jp,LZum9pz,817-501-9895
36-0685309,Corby,Jukes,cjukes39@narod.ru,Ve9LOh,136-853-5511
32-8574209,Vasilis,Durdan,vdurdan3a@shinystat.com,U1bLRTIpraWF,926-298-2123
49-8080022,Jerry,Boarer,jboarer3b@i2i.jp,sisxbf9,354-447-5527
21-4562260,Maris,Emps,memps3c@sphinn.com,5D9H4rvw,689-794-6287
10-5111781,Junina,Mingotti,jmingotti3d@patch.com,9ghLOyna,145-419-3337
39-8761375,Estevan,Ilyuchyov,eilyuchyov3e@adobe.com,TtbNy4VY0,535-155-2983
75-9127854,Rebecca,Rawls,rrawls3f@marriott.com,ef0317B,895-176-5472
40-5632230,Cathrin,Strangeways,cstrangeways3g@parallels.com,55EET8M0pOhf,703-778-6460
24-6962917,Kennan,Cornewall,kcornewall3h@hp.com,29UTCYi,842-902-1619
18-4411805,Jessi,Ferreo,jferreo3i@disqus.com,FCSwTq930CqM,543-418-7426
85-5821457,Marcellina,Huston,mhuston3j@exblog.jp,JmPizkpdnbR,538-567-9929
44-2108401,Janelle,Harrowell,jharrowell3k@taobao.com,tsGK2A,191-441-9153
11-5033674,Mariette,Leathwood,mleathwood3l@smugmug.com,ZfXe48vF7Nwh,555-135-5975
40-6831536,Melesa,Vinter,mvinter3m@ed.gov,CVYshh,481-396-8373
37-3024217,Laurel,Bumpass,lbumpass3n@discovery.com,PptjOX,388-719-6065
95-1495917,Inger,Shearston,ishearston3o@networkadvertising.org,C0nZZCopBB,541-942-7208
52-0052151,Gwenora,Thow,gthow3p@dot.gov,xZXgAwokWS,754-494-0645
46-2805181,Twyla,Bucktrout,tbucktrout3q@arstechnica.com,uULVrq5,927-846-5604
02-6296631,Sibylla,Mell,smell3r@altervista.org,jCcGre45,996-210-7055
66-0014509,Fernando,Seneschal,fseneschal3s@ftc.gov,aebhu45K,538-890-8192
46-3408941,Glenine,Bust,gbust3t@cafepress.com,ACKo0fD9ljEf,777-813-4904
45-2740181,Miguela,Fowler,mfowler3u@chronoengine.com,QOEjDw6u6,171-575-5017
02-2231448,Berkie,Bramo,bbramo3v@hexun.com,tJmDYp4,345-704-3516
27-7743375,Abagail,Rogan,arogan3w@google.es,MofxjxqiQ,477-502-3722
47-7972362,Beniamino,Jore,bjore3x@oakley.com,CFidfU1T,891-165-0463
40-1158367,Aldwin,Kittoe,akittoe3y@prweb.com,sRLjGh1q,557-934-5422
42-3959937,Zeb,Moodycliffe,zmoodycliffe3z@nyu.edu,ypqfsTPljg,833-735-6134
89-6527689,Fredi,Gammell,fgammell40@arizona.edu,R2giV4vwLRkz,134-187-6219
64-1555607,Paxton,Faithorn,pfaithorn41@storify.com,Rc0TBohOd,626-189-4690
38-1864995,Lanie,Ondrich,londrich42@europa.eu,qL0bym,304-353-2705
96-7664139,Essy,Gobel,egobel43@opera.com,u1DPRVQ,969-137-3434
35-8917193,Mitzi,Hamshere,mhamshere44@ovh.net,x1P7RD,135-786-1038
70-5669266,Adena,Leeke,aleeke45@wikia.com,SoHd2S0NqsVL,284-470-4236
56-1599073,Beau,Philbrick,bphilbrick46@who.int,s4ugIM24N,979-393-9287
94-1147170,Dud,Kaman,dkaman47@bravesites.com,b5eXoPWAY,889-877-9152
65-7324990,Terrell,Garbutt,tgarbutt48@quantcast.com,emEsPh0,566-865-2496
47-2551482,Judas,Hawkin,jhawkin49@creativecommons.org,l55jvj,718-363-6932
30-4091605,Corby,Manchett,cmanchett4a@dot.gov,QkHoYp,979-989-7705
60-9301692,Shayla,Label,slabel4b@umich.edu,QCIsowjToM1,365-159-4424
39-8532425,Mary,MacCleod,mmaccleod4c@bloglovin.com,xYcnY5N,713-600-7224
42-4753798,Tabby,Wartnaby,twartnaby4d@opensource.org,xssbbSw,268-515-6793
97-2849799,Fritz,Marran,fmarran4e@yahoo.co.jp,CxgscaO,631-686-8059
33-0511588,Nichol,Rimmer,nrimmer4f@photobucket.com,ee0oyMnnmV,687-539-2891
02-9478257,Charline,Scotchbourouge,cscotchbourouge4g@goo.gl,yoeo3B,963-321-9454
64-5263933,Ruthanne,Eglese,reglese4h@home.pl,IaHaHv0,381-865-0248
46-2545218,Reinwald,Jarmaine,rjarmaine4i@whitehouse.gov,CsWF3Hd8K,386-939-1923
14-5028608,Hollie,Arendsen,harendsen4j@abc.net.au,nMNgR2ni,122-480-7341
40-5719826,Iosep,Ericssen,iericssen4k@soundcloud.com,mqy3oi1cL3A,442-747-6156
72-5790644,Phyllis,Shilston,pshilston4l@phpbb.com,iUBsMM4,882-528-5914
78-1031637,Donielle,Wharf,dwharf4m@time.com,AjRglpxrdB,786-264-1918
85-9962944,Ophelia,Hazard,ohazard4n@vk.com,SHot5c7,419-987-5855
51-7777308,Betteann,Mora,bmora4o@loc.gov,5qdMa0L66Q,699-134-2843
23-0278380,Margarette,Vannuccini,mvannuccini4p@webnode.com,7VNW6uA,530-698-2584
98-4020464,Brandtr,Booton,bbooton4q@wikimedia.org,bRBlcX2,930-806-2533
95-6197132,Salomi,Anstead,sanstead4r@foxnews.com,V9f3j3ZAqhf5,692-952-2205
59-9243888,Kristoforo,Yanin,kyanin4s@java.com,aakZF1,497-415-1757
49-1210340,Susanetta,Broxap,sbroxap4t@fc2.com,jBdlBVSD,218-419-0533
35-3483400,Kermy,Posner,kposner4u@taobao.com,9JJPdDmymJo,773-691-5457
41-7562172,Corliss,Tullot,ctullot4v@uol.com.br,WdXzL8d,147-534-6748
85-5185232,Hillyer,Niezen,hniezen4w@utexas.edu,ykA4K7,240-172-2864
31-7996059,Tess,Elgee,telgee4x@g.co,EBZDE8F4,886-357-2442
29-4377279,Adelaida,Salatino,asalatino4y@mlb.com,oSiCfh7V4,359-787-3757
00-8490210,Lusa,Swindlehurst,lswindlehurst4z@theguardian.com,hWfU0L2agU,804-759-8753
08-8560978,Giovanna,Pargeter,gpargeter50@ameblo.jp,cBO7NG,875-928-2593
88-9904381,Roma,Flintiff,rflintiff51@stumbleupon.com,jmf4Al1usneI,629-996-8621
94-3453086,Ikey,Grewer,igrewer52@businessinsider.com,A8ISL7eGSD4T,349-139-4898
72-6352700,Aggie,Duckit,aduckit53@behance.net,37aGmlokiHI,786-229-4728
82-3216696,Hastings,Wanklyn,hwanklyn54@unc.edu,p8Po6v,433-813-1246
70-8823012,Andeee,Pimer,apimer55@who.int,WhEtaUruHz7,950-782-6607
64-3546782,Prudi,Barkley,pbarkley56@etsy.com,nT3mwRqIGb0,499-888-5098
03-5006224,Goldy,Winterscale,gwinterscale57@kickstarter.com,vptEtCQ,123-191-7378
03-7435450,Winny,Kerwick,wkerwick58@ihg.com,DU3YUgQ,738-378-8892
27-1209152,Alex,Lawlings,alawlings59@thetimes.co.uk,rs8V5R3wH,118-248-2738
01-8432970,Lizette,Millar,lmillar5a@twitter.com,DzDlK5tndYBO,955-404-4760
60-2782910,Kasper,Cosh,kcosh5b@webeden.co.uk,wFgM4xiWUdoL,731-301-2723
44-2602317,Lelia,Dibson,ldibson5c@sina.com.cn,dtM4qCdAMsXt,359-417-5189
18-2730765,Ella,Tebb,etebb5d@360.cn,99AWC04c,194-569-5766
14-5785670,Timoteo,Drust,tdrust5e@epa.gov,ZO0UTIz6fQOd,247-998-3539
20-0957235,Farrel,Petrasek,fpetrasek5f@microsoft.com,VcF1wFwJ4,618-399-7111
42-4295239,Annnora,Ianetti,aianetti5g@altervista.org,1LpiU7h4A,908-389-8285
97-0987824,Millie,Osgardby,mosgardby5h@a8.net,Mtk6p10zl,422-927-9083
57-4538016,Kellsie,Warboys,kwarboys5i@ox.ac.uk,Jce6nxgd,499-697-4005
58-3530309,Godart,Lambert-Ciorwyn,glambertciorwyn5j@hugedomains.com,iRTY1jPUM,205-559-7562
67-0025108,Seka,Tschirasche,stschirasche5k@latimes.com,B6U70bzSMp,552-836-2444
77-4816705,Elsy,Debow,edebow5l@economist.com,XQoX8uYUdON,452-643-1634
80-3523981,Opalina,Tripean,otripean5m@virginia.edu,HImlgK4kIoOy,855-639-0137
37-9382971,Gilli,Mathe,gmathe5n@mysql.com,DipPhY,295-112-2084
65-7407658,Israel,Gullane,igullane5o@blogspot.com,4DQIwudYKez,761-595-8121
20-9802970,Benn,Lembcke,blembcke5p@cocolog-nifty.com,oSeja7eZU,326-562-0939
05-0938696,Augustus,Gowry,agowry5q@com.com,XEUD6PD8Z,441-425-5449
34-3755275,Micky,Minto,mminto5r@macromedia.com,6E8RkXSZh0G,805-544-1678
43-3140382,Pier,Stinchcombe,pstinchcombe5s@topsy.com,AsI5jRMkB37,221-221-0762
63-5267581,Keri,Krystof,kkrystof5t@chicagotribune.com,uYjIIUE,471-552-8766
74-2763939,Katharyn,Spatoni,kspatoni5u@photobucket.com,KrHcR9SDDsT,355-580-2541
71-4287025,Hermy,Siemon,hsiemon5v@com.com,55qF5i,918-428-7420
97-8616799,Marlon,Acum,macum5w@sciencedirect.com,QUqpVyZaRT,301-115-0328
17-4456997,Giordano,Ugolini,gugolini5x@usnews.com,QVUpEeg5X4,907-539-6512
34-3120761,Joyann,Lenard,jlenard5y@marriott.com,CxUdNvzjUw,291-262-9846
63-5137319,Margette,Plowright,mplowright5z@4shared.com,R2bHIw,324-961-8098
59-9799685,Darlleen,Beynke,dbeynke60@elegantthemes.com,Uqjkt5V1,982-679-7617
60-6193097,Bordy,Bisp,bbisp61@usda.gov,0b3eeBlj,258-380-2007
54-1146699,Correna,Folliss,cfolliss62@hhs.gov,DTh7UYFLheb,834-399-7410
72-0858566,Piper,Cardnell,pcardnell63@home.pl,l91wZ9xRg,668-592-8171
94-4278946,Alane,Ranvoise,aranvoise64@bloomberg.com,oeACwidBHu8,705-869-9307
78-8189308,Hayden,Gosdin,hgosdin65@woothemes.com,yo6CgYwa,650-195-5740
01-2935020,Alexei,Bartalot,abartalot66@wufoo.com,V4z9lGpkSO8,960-165-9582
41-3360109,Elfrida,St Angel,estangel67@shinystat.com,FgK458N6,988-565-6698
58-6304977,Mitchell,Ashford,mashford68@histats.com,ulnCDoyKAjW,529-989-9256
82-3443768,Andrei,Powdrell,apowdrell69@nifty.com,7WoVrwrH,940-772-2339
03-8747068,Zack,Levane,zlevane6a@blogs.com,aKpd7sc,914-516-0134
28-5797824,Alicea,Bunn,abunn6b@jigsy.com,rCMnbkZ,662-669-8391
54-1896681,Nelie,Ciabatteri,nciabatteri6c@cnbc.com,vOALzV9w,124-669-1211
66-7036995,Teddy,Harlow,tharlow6d@goo.gl,8PY6fqu1,812-496-1197
95-9050363,Vinita,Joseff,vjoseff6e@cdbaby.com,vJ6rrH4,141-289-2107
99-4548434,Patrice,Kirley,pkirley6f@jalbum.net,dryk0qcN,252-558-1390
44-1422058,Amandy,Suddards,asuddards6g@parallels.com,oOueFh,193-611-4124
23-9539065,Elga,McKew,emckew6h@berkeley.edu,i2aWan0B3,368-108-4292
46-2206321,Bobina,Pyrah,bpyrah6i@instagram.com,NXCguY3W,579-521-7199
91-0485783,Maitilde,Gauntley,mgauntley6j@narod.ru,eJOuypnH6,967-330-5368
91-9907564,Dianna,Siege,dsiege6k@google.com.hk,0yB4GU,536-941-9191
47-2697823,Alexia,Ivakin,aivakin6l@bloglovin.com,GiDmEh,904-971-3917
13-4223605,Quentin,Wildes,qwildes6m@rakuten.co.jp,twrQQs3Ug6Wt,628-515-1841
08-7540052,Carlee,Haisell,chaisell6n@cargocollective.com,2LMObyub8J6f,725-287-8114
72-4627212,Ida,Ivatt,iivatt6o@engadget.com,uM4voG,851-486-6774
68-5927266,Erika,Mayer,emayer6p@google.ca,UtGJTnM,230-603-9672
54-3850168,Vivyan,Danher,vdanher6q@stumbleupon.com,YtzPwHmxdVp,230-542-6235
08-6955324,Hewie,McLleese,hmclleese6r@vkontakte.ru,mkwwn2jv0Q,935-913-9600
40-1011689,Way,Jorgesen,wjorgesen6s@twitter.com,k4iKTW9og,240-425-4470
90-1951954,Aime,Menere,amenere6t@homestead.com,JflR3v,638-629-3780
77-6737067,Georgie,O'Currine,gocurrine6u@noaa.gov,guh8Lp2s50,932-574-5464
51-8353239,Jermayne,Fairlem,jfairlem6v@bandcamp.com,p7SaUj,209-633-0796
21-4757115,Esdras,Lewens,elewens6w@privacy.gov.au,Mz3N6s8af5,373-365-1567
79-7151919,Moira,Lockier,mlockier6x@umich.edu,HI9GzR9TE,666-503-9550
63-5906906,Darya,Kear,dkear6y@behance.net,Cv5O9aHf96,733-909-5363
84-5463496,Dacey,Berringer,dberringer6z@hatena.ne.jp,epV0zZyX,910-141-7296
10-8880959,Myles,Williamson,mwilliamson70@timesonline.co.uk,0AgF2hrv,802-269-8332
12-0446332,Germaine,Crewes,gcrewes71@home.pl,YD7STgEpg,454-891-2915
67-8216406,Urbano,Burnett,uburnett72@sourceforge.net,xbEd2K,209-790-9965
97-3715772,Roseline,Daleman,rdaleman73@cdbaby.com,Mfo45AEuMBr0,804-392-8126
08-6938973,Willyt,Costelloe,wcostelloe74@auda.org.au,nfR2TtrkEm,823-610-5410
73-2859480,Dugald,McGilben,dmcgilben75@trellian.com,tK0c04vljqg,285-959-8019
85-9916097,Frederich,Fibbens,ffibbens76@vkontakte.ru,enLVVLesqat,689-291-7647
74-6133248,Sherri,Boodle,sboodle77@nymag.com,Q4nUEv8,428-209-5171
10-1204692,Jany,Willimott,jwillimott78@meetup.com,PxwuzX,532-368-1639
82-1182758,Aldous,Hodgen,ahodgen79@dailymail.co.uk,tmHqRvgos8E,776-802-9010
19-9475822,Donny,Sterke,dsterke7a@issuu.com,JtOjw3HTXh,966-756-7761
69-1965621,Link,Peggram,lpeggram7b@naver.com,gqUdCDfqHZ61,674-518-2061
12-0071549,Wynn,Ramsbottom,wramsbottom7c@ca.gov,wD6sjCCqk,516-218-2575
73-9378965,Corbin,Oriel,coriel7d@mlb.com,g3BrPVK,340-451-9141
54-6018868,Ignazio,Dicty,idicty7e@plala.or.jp,LzFiqnAOoF,640-800-6882
97-7443310,Burty,Dirkin,bdirkin7f@nasa.gov,IqIUx2,496-806-1488
54-6812891,Katharine,Fero,kfero7g@sciencedirect.com,bUQdRB,514-487-4211
07-4607340,Warde,Sandbatch,wsandbatch7h@google.ca,JiGqdYZXKwn,105-341-3845
99-4492259,Forrest,Crown,fcrown7i@typepad.com,ooZXpC,320-878-7828
22-5841321,Rachele,Fanshaw,rfanshaw7j@elegantthemes.com,I6oRXcRv4Y,553-750-1259
77-8039735,Daphene,Moiser,dmoiser7k@tuttocitta.it,pcXRaqFTOdLK,916-888-6440
11-0848574,Gillian,Lashford,glashford7l@mysql.com,pxJT2QhfTa,760-882-1441
87-9929329,Maurice,Ambrosi,mambrosi7m@cmu.edu,jwOPryIuo89A,621-781-7773
29-6215823,Giustino,Thurgood,gthurgood7n@dailymail.co.uk,I5RXMswjTWBL,602-538-6316
03-2496967,Bryn,Clark,bclark7o@geocities.jp,xJ5peLz,361-389-6357
46-5694959,Toinette,Boyett,tboyett7p@friendfeed.com,T0E95RsvqAO,821-982-8343
43-6827219,Coleman,Champain,cchampain7q@ibm.com,yv4AlKZWh,230-499-3033
78-4277846,Yvon,Bleasdille,ybleasdille7r@cloudflare.com,qP0CsDYlj,156-281-9882
46-1897892,Archibaldo,Batram,abatram7s@so-net.ne.jp,xtphbNE79,905-313-0064
25-7638532,Jacinda,Branscomb,jbranscomb7t@last.fm,qswAY1ErU,363-818-1210
44-3948590,Dalis,Godmar,dgodmar7u@imageshack.us,9qCxdtt9Fpg,259-397-5040
76-7715626,Craggy,Cardenas,ccardenas7v@hao123.com,8vOjhUL5,779-355-6958
23-3393715,Adara,Lackney,alackney7w@msu.edu,fyauXkPuNEo5,860-846-1656
94-7252909,Neils,Abbati,nabbati7x@comcast.net,OonTHGsoy8,189-989-3975
93-9961257,Olin,Barthel,obarthel7y@virginia.edu,eZhKYCR,249-715-6635
97-5325278,Alane,Ginley,aginley7z@google.com.au,mue5lBBamO,198-139-8653
72-9105392,Reuven,Franchi,rfranchi80@com.com,zGxScMqtcGE,774-314-8549
32-4407663,Michal,Lickorish,mlickorish81@imgur.com,deqTNnmRe,903-529-5771
39-2666597,Arlin,Raspin,araspin82@slideshare.net,kAAVf6M,969-409-0618
32-1990525,Elisa,Jimenez,ejimenez83@bloomberg.com,zGK2abQMX9F,855-550-5122
40-2150396,Matelda,O'Fogarty,mofogarty84@shutterfly.com,UDvqUpnm4,499-336-7209
27-5733200,Henrik,Beasleigh,hbeasleigh85@gizmodo.com,qIiZt1,320-907-9855
13-3482270,Lodovico,Djokic,ldjokic86@wufoo.com,jZgWgn,248-575-2153
44-2549995,Bradly,Armatidge,barmatidge87@google.fr,k7Pr6xN1,131-890-3980
51-0948757,Killy,Bamling,kbamling88@baidu.com,1hQzZfY4yF,900-651-0446
50-3387035,Hewett,Lembcke,hlembcke89@shinystat.com,xAsvTn,742-335-1865
31-2258417,Nicolette,Paulus,npaulus8a@instagram.com,41JgiRp2,284-328-7886
93-4802897,Claudio,Pontain,cpontain8b@mac.com,uuSbg7VPnQ,667-745-5101
89-8439999,Dannie,Bonfield,dbonfield8c@soup.io,ZrYUrE8iwHpF,983-192-4297
87-0810549,Ashil,Peppin,apeppin8d@goodreads.com,GR21zlDt,962-515-1332
33-1395981,Ricki,Laden,rladen8e@utexas.edu,DicBdlMTgEA,275-136-2420
57-6207278,Leif,Bingell,lbingell8f@cbc.ca,YqgGod06Z,191-337-7184
70-1488232,Gizela,Djekovic,gdjekovic8g@census.gov,WPoBT1tzub,210-440-9496
12-9692234,Valaria,Broxap,vbroxap8h@cyberchimps.com,jCCJ2MmmkV16,552-774-4997
35-5537363,Beverley,Witcombe,bwitcombe8i@xrea.com,8NpvguIX,472-991-1985
05-4154315,Nevins,Meaders,nmeaders8j@shareasale.com,VFUKxTCQv,207-285-3610
72-8527890,Bria,Quantick,bquantick8k@angelfire.com,o8vjj1M,572-222-8084
38-1009095,Welby,Degue,wdegue8l@nyu.edu,BIMqtmkDsUre,890-891-5805
44-8639755,Othilia,Arendsen,oarendsen8m@nyu.edu,F7mBFhPiKYy,115-939-6292
96-9051020,Carolynn,Piesold,cpiesold8n@vinaora.com,ZOHgLqP5lF,513-984-9509
65-7872962,Batholomew,Keats,bkeats8o@seesaa.net,tfHd7WO,898-138-2225
76-1653519,Maude,Padmore,mpadmore8p@g.co,REPYtjPL,302-459-3010
41-7002719,Susana,Bum,sbum8q@hhs.gov,LNlBB1Hcg,898-344-1358
96-7355269,Jarret,Bunclark,jbunclark8r@seesaa.net,2C6GO88vI,575-740-1978
30-0557280,Raine,Lorent,rlorent8s@de.vu,dJcOmNhd2,304-601-8748
42-6522080,Byran,Pinks,bpinks8t@mapquest.com,kRnSW7L5pkZ,153-995-0392
50-5170986,Sherlock,McCaskill,smccaskill8u@wiley.com,pXTLrFYSEga,950-382-9913
25-5792374,Harlie,Linnemann,hlinnemann8v@unc.edu,CZLjVbJj,478-429-7485
67-4200745,Lucila,Tamas,ltamas8w@newyorker.com,vzNdLXcEl,232-405-9002
53-8554021,Tuesday,Tibbotts,ttibbotts8x@cbsnews.com,FRVRSetjmUg,858-365-4747
82-6302495,Sallyann,Coudray,scoudray8y@nytimes.com,xPpIqpmZO7HG,601-201-2593
77-3873023,Dianemarie,Pickworth,dpickworth8z@accuweather.com,otkc5OBHL,654-887-5824
30-0059279,Justine,Peachey,jpeachey90@mayoclinic.com,MCnmd1e,136-968-8267
63-0196262,Pollyanna,Withnall,pwithnall91@multiply.com,WKNJaHBeOu,756-725-2750
29-7493894,Paige,Creddon,pcreddon92@w3.org,EfhpxWskND9S,385-331-5871
02-4965210,Heidie,Bradman,hbradman93@hugedomains.com,Z091Cp,759-486-2238
73-4926815,Livia,Raikes,lraikes94@europa.eu,aOTpR40,942-741-5795
28-1591229,Boy,Ryce,bryce95@cloudflare.com,DOYoE3u,772-895-1571
21-0584596,Franni,Sheard,fsheard96@sun.com,NByaioraet,355-743-3207
38-6641249,Elane,Koche,ekoche97@squarespace.com,h5gD0mHKF,795-440-4973
48-2424576,Karel,Gilder,kgilder98@github.io,f0vXtnTsz,492-901-5983
77-4320630,Weylin,Mioni,wmioni99@arizona.edu,fXVUO9e,996-890-2661
07-4231436,Webb,Bayles,wbayles9a@oracle.com,moRicizjxzU,617-815-0693
62-3916197,Maude,Barcke,mbarcke9b@domainmarket.com,i79n8cgI,546-870-9613
83-5086738,Glynda,Crackett,gcrackett9c@tmall.com,K1peFLO,635-141-9247
56-6156528,Bartolomeo,Bolles,bbolles9d@multiply.com,mEiwXqCPm,441-713-2482
33-0072927,Bealle,Pettiward,bpettiward9e@eepurl.com,cqDn9E,154-230-1498
26-4536006,Shelba,Batchelor,sbatchelor9f@slate.com,P2NDK57h31,705-756-3561
80-1866885,Bertha,Foottit,bfoottit9g@ovh.net,oEpt74,409-229-6994
90-9951297,Aurel,Malicki,amalicki9h@cbslocal.com,QcV9IzSgo4ob,945-224-7120
60-7429634,Norry,Dunnaway,ndunnaway9i@tuttocitta.it,5jPTHI5,438-273-3665
74-5907736,Anson,Challiner,achalliner9j@toplist.cz,FZDOLZ02f,115-623-9009
45-0052062,Obadiah,Nisbet,onisbet9k@blinklist.com,cHMK2gNTKi,991-628-1146
53-8452371,Jackquelin,Bamsey,jbamsey9l@usnews.com,H8lV6bluRw,685-371-3479
60-0926591,Pansie,Elston,pelston9m@google.co.jp,AHXGDbxZztt,142-431-5073
54-8551546,Roxana,Gaukrodge,rgaukrodge9n@wikimedia.org,OCQ4qq6r,518-323-5661
38-8151176,Laural,Felix,lfelix9o@dropbox.com,i2s6INIvGe,188-481-0631
24-7402582,Yolanthe,Emett,yemett9p@bravesites.com,VMV5AYzC,710-821-1275
73-6673150,Rozanne,Loins,rloins9q@economist.com,EkmvJmjNf,721-960-6348
40-4280651,Bellina,Van Der Weedenburg,bvanderweedenburg9r@soup.io,gYC4TnKFhx,102-352-9954
63-8565462,Harp,Stanyland,hstanyland9s@lulu.com,Uw6pebuK,484-399-8285
43-2513964,Martica,Furmage,mfurmage9t@cnet.com,zyYBvb,155-265-5908
98-5789346,Leroi,Borrow,lborrow9u@hatena.ne.jp,9I2IAivk,477-390-4082
15-7140049,Gabriella,D'Ruel,gdruel9v@newyorker.com,Akz1Vny3H,106-580-3301
12-6069327,Betsey,Goor,bgoor9w@last.fm,ZE9ZDut,805-710-0586
11-5435244,Gustie,Edis,gedis9x@china.com.cn,FVEdJTr3Z59,934-375-9719
43-6722857,Xever,Taleworth,xtaleworth9y@mapquest.com,hIERD7d,533-806-6441
54-4882508,Peadar,Wallworth,pwallworth9z@bandcamp.com,T7eaBxndyDT,559-853-7114
24-9024191,Hester,Creeghan,hcreeghana0@buzzfeed.com,WnweObVUFlkN,757-933-0196
41-1105655,Rudolfo,Meldrum,rmeldruma1@fda.gov,pV2GSMgc7nv,433-351-5066
35-2141301,Oates,Mutimer,omutimera2@joomla.org,I0EPQmM,130-360-7372
73-8652015,Betta,Knowlys,bknowlysa3@gravatar.com,FmWbrAJMmz,220-215-5023
09-3034054,Jaimie,Starbucke,jstarbuckea4@nature.com,4WB8CbkRzBE,339-721-3905
67-5206874,Beau,Lindstrom,blindstroma5@infoseek.co.jp,gmNG4a1,572-571-3246
41-5253737,Willetta,McClinton,wmcclintona6@weibo.com,GGuFHg,141-324-2318
04-8805115,Delila,Peplow,dpeplowa7@hc360.com,wEXpTI2u,415-517-5831
17-5433861,Sonya,Waplinton,swaplintona8@marriott.com,f5HcumepF,879-212-8084
63-1536885,Pepita,Lomb,plomba9@disqus.com,Z2p15QH34UnC,868-530-0325
89-5896084,Nico,Eastridge,neastridgeaa@over-blog.com,RCdox4vEIMHJ,528-871-4232
49-6009003,Konstanze,Eldredge,keldredgeab@cbsnews.com,T5NT6YoL1BL,205-509-6933
83-3264036,Philip,Ghiriardelli,pghiriardelliac@baidu.com,xQZS6BCY,855-395-9014
96-2204084,Reggi,Medforth,rmedforthad@businesswire.com,5eIrsK0w,327-466-2009
34-3466565,Imogen,Senyard,isenyardae@google.nl,BXx9IP,710-909-6903
46-3438045,Gillian,Iddins,giddinsaf@wunderground.com,f2HBTVbJkfQ,109-115-3448
56-3250063,Heloise,Loades,hloadesag@cornell.edu,hMPNAi,594-302-6332
21-1135648,Urbanus,Dollar,udollarah@sohu.com,Qhc4d2eI6N,822-997-1488
54-4390547,Betti,Windress,bwindressai@google.co.uk,HaW5tuA,636-993-8901
92-0880615,Yale,Adao,yadaoaj@yale.edu,6E8jaifEdn,906-869-3217
90-7110161,Demetrius,Martinho,dmartinhoak@ezinearticles.com,NN0fWV7,176-708-4110
08-3330207,Sandie,Skehan,sskehanal@ebay.com,g0bhnKsgxSOx,172-325-0782
61-6244277,Hollyanne,Stebbings,hstebbingsam@purevolume.com,rjGoTCDCkBl,920-404-9023
45-3652460,Sampson,Kauscher,skauscheran@dagondesign.com,zbvrsHa,785-789-9650
48-6572847,Lester,Yorath,lyorathao@cornell.edu,CI1g1knu,680-975-6821
27-3134864,Clemmy,Rosbrough,crosbroughap@ocn.ne.jp,RUvrf357,798-983-2066
62-8926292,Holmes,Gwyneth,hgwynethaq@nydailynews.com,VfM9ArMNWyF6,523-296-0860
52-4162500,Katheryn,Guiett,kguiettar@ted.com,bfhiJYyq9,312-889-6529
93-5312833,Rebekah,McCreedy,rmccreedyas@nationalgeographic.com,zSO5j6F,766-715-9819
08-2279441,Costa,Popworth,cpopworthat@unesco.org,kOvlLL,976-215-3785
44-6757205,Karee,Blackesland,kblackeslandau@state.tx.us,2HKzp57S,212-988-8371
55-2131585,Jinny,Tweedie,jtweedieav@gravatar.com,OsnUWMFtk,280-859-2508
67-5343846,Bernadine,Konmann,bkonmannaw@mashable.com,fYAhvgq1B0,136-508-2424
54-8322842,Pam,Sweeney,psweeneyax@smh.com.au,LhLdT1,433-632-9787
17-5296759,Karil,Balsellie,kbalsellieay@house.gov,gzUPEZ,440-803-4007
36-0996379,Fidela,Hamnet,fhamnetaz@craigslist.org,V77ECZmwrxGu,144-143-0126
14-8550772,Keri,McBrearty,kmcbreartyb0@foxnews.com,Mq8JrzztD,469-912-5604
07-2579816,Petunia,Fausch,pfauschb1@elegantthemes.com,wLuyg04w,965-600-5999
10-2781376,Marin,Trebilcock,mtrebilcockb2@dropbox.com,r1fpDEHNcZ,260-319-2944
42-4607440,Maxie,McCaighey,mmccaigheyb3@yahoo.com,6RofCM,301-666-4866
14-5193403,Constance,Ghion,cghionb4@bandcamp.com,POENZ4oQoHLz,453-843-4660
77-4937515,Sasha,Lakeland,slakelandb5@dagondesign.com,3cazHB,902-886-2389
93-4771083,Issie,Sket,isketb6@wordpress.org,LAQyadXt,498-202-0161
15-0179276,Melisent,Loseby,mlosebyb7@typepad.com,Nuv5m8QT53,603-329-3198
50-5826186,Adriaens,Ketcher,aketcherb8@cdc.gov,Z458gJcY1XP,509-498-1465
23-5881282,Vivianne,Arnal,varnalb9@mapquest.com,MuAsKN,646-726-2856
43-5604807,Charlton,Coppins,ccoppinsba@woothemes.com,2g1jBQEl,672-973-6583
28-8315529,Carlie,Gerardin,cgerardinbb@businessinsider.com,7Ibj6a5,125-573-0604
85-5877028,Margareta,Riolfi,mriolfibc@flavors.me,beTQJf0,822-329-1751
47-4254149,Lyman,Baterip,lbateripbd@360.cn,LESiSRYm,410-967-8566
44-1282290,Becki,Gotling,bgotlingbe@networksolutions.com,eJ3m1UpenQ,253-102-8158
77-2389435,Hillier,Yates,hyatesbf@ning.com,kM1T6Ix,491-718-0417
43-1792384,Delainey,Beddows,dbeddowsbg@chronoengine.com,VzZplcHP,155-771-3470
46-2016284,Shelly,Goch,sgochbh@t.co,HAwBQOPOO5,805-799-0298
14-4866219,Cami,Gregh,cgreghbi@shinystat.com,KzNvVcPbkFp5,754-607-0615
26-3352634,Emlyn,Ladd,eladdbj@earthlink.net,3X800W,955-362-7658
70-8447894,Candie,McKiddin,cmckiddinbk@gizmodo.com,sBNFOVod7XHN,209-110-3866
83-8888223,Leelah,Crowhurst,lcrowhurstbl@gizmodo.com,8PMUt9Murx3n,224-297-6425
16-0562704,Sheri,Dumke,sdumkebm@reuters.com,KuYWnX4vC5,362-836-7320
74-1876732,Willey,Girkins,wgirkinsbn@cam.ac.uk,AfwUWjgjnzGk,623-931-8880
25-5171711,Lars,Stubbert,lstubbertbo@telegraph.co.uk,dSvVNY,976-873-1983
61-3076336,Simone,Fairchild,sfairchildbp@deviantart.com,8dptDC3Vgf3,108-315-6114
09-2207427,Winne,Eversfield,weversfieldbq@wiley.com,cuJ6lIdv0z,730-502-3061
65-0917024,Brand,Sokell,bsokellbr@sun.com,Sdt6oX,679-354-0827
64-3047936,Heidi,Aylward,haylwardbs@senate.gov,8SD5NmR,766-862-0097
92-5737957,Kristo,Brundrett,kbrundrettbt@icio.us,msIVdT8R,265-824-7637
81-5225231,Claudina,Heynel,cheynelbu@nbcnews.com,xzH2bh0Nar,927-550-8741
79-5465976,Joy,Tellenbroker,jtellenbrokerbv@mozilla.com,Fi7DAqUBmi,439-666-1673
46-6580174,Ruddy,Tolfrey,rtolfreybw@gravatar.com,S9H6yEC8J,927-127-3704
85-1697565,Marilyn,Raddin,mraddinbx@digg.com,iis6t3KS7wo,451-584-6240
93-7301626,Abbott,Duthie,aduthieby@dagondesign.com,cWDpl46axWK,464-562-3378
46-2623891,Gale,O'Lahy,golahybz@1688.com,zwZOkDB,496-349-8894
81-6839014,Tamar,Cornall,tcornallc0@japanpost.jp,mI2bH62CtoA,277-878-4446
52-9675690,Webb,Danforth,wdanforthc1@w3.org,0O9vEY,507-548-8799
68-1060000,Belicia,Perle,bperlec2@yelp.com,np6BYMU8p7i,846-867-9467
13-9847197,Jessamine,Hing,jhingc3@craigslist.org,PtYg3N0u9,278-209-2492
96-6946001,Benson,Towll,btowllc4@mozilla.com,GAQrFo,638-138-7482
94-7310601,Hayyim,Trahair,htrahairc5@prweb.com,OM3jnq76jV,281-698-9047
74-4375279,Waylan,Cuppleditch,wcuppleditchc6@usa.gov,rWlrY7pzrG,329-411-3937
17-3339190,Mora,Brogioni,mbrogionic7@wp.com,s1ZEttkfK,687-831-9082
67-4542135,Carmine,Ramos,cramosc8@theglobeandmail.com,2SGQdqju,151-787-1361
12-3433680,Taffy,Penhalewick,tpenhalewickc9@diigo.com,O4G3abyHJmIr,315-474-2489
98-9767514,Lorraine,Glew,lglewca@ca.gov,KSEB6iRrPDM,196-324-7582
17-6812952,Hettie,Savins,hsavinscb@ebay.com,TnZekhXlD,740-147-3207
43-4216106,Benita,Boxall,bboxallcc@reference.com,T9A7UfyC5u,991-268-3230
63-8804879,Ola,Mateuszczyk,omateuszczykcd@instagram.com,IiHQGC9r,206-868-5442
94-3494302,Quinn,Brinkman,qbrinkmance@odnoklassniki.ru,fkVFBdGUDe,652-599-9477
33-7631810,Mikey,Boake,mboakecf@slashdot.org,lubI4PXIGDqF,354-881-0183
70-5332142,Reade,Betke,rbetkecg@last.fm,AcjVOvMQl3T,610-514-4542
58-0704409,Les,Fligg,lfliggch@marriott.com,LAfbVPP,469-661-6529
35-1460641,Benny,Addess,baddessci@delicious.com,GkcZX0aABzKZ,577-963-8890
88-4421233,Nicol,Brindley,nbrindleycj@cdc.gov,gCeu0E,642-442-2801
60-3446614,Nicolis,Stegel,nstegelck@bloglovin.com,YuxK3XIiDUu,736-714-2010
86-3348015,Zora,Dacombe,zdacombecl@themeforest.net,GnEca9V7,773-154-1628
70-3029266,Auberon,Ricardon,aricardoncm@constantcontact.com,jmmG3z3,985-299-6754
12-5899266,Otto,Annakin,oannakincn@gnu.org,PZWWrlEoLE,931-630-7233
29-1205266,Stephani,Roscam,sroscamco@ebay.co.uk,8oK1Xs6ZWZ,769-715-8437
04-2345943,Regan,McIan,rmciancp@berkeley.edu,dXxekUrNKg7p,893-635-6061
01-0955215,Stavros,Frape,sfrapecq@imdb.com,kGHpWGo,513-771-7743
78-4735256,Dev,Bonefant,dbonefantcr@arizona.edu,bCLOEsSd,809-244-9457
46-8479704,Judye,Woolford,jwoolfordcs@indiatimes.com,iTSYbWEO,359-829-2322
84-8538048,Hamel,Perryn,hperrynct@guardian.co.uk,OJ7LEq3uTUm,398-825-3958
95-0912425,Faythe,Clubbe,fclubbecu@pbs.org,gPy7ZgvIUY4,491-117-4810
73-7321594,Marylee,Eymor,meymorcv@weibo.com,wp1zjVP0k,828-254-0780
89-4213760,Araldo,Scheffler,aschefflercw@cyberchimps.com,Jdcd88PNT2,443-922-6566
13-6592664,Linell,Beddingham,lbeddinghamcx@businessinsider.com,HBkagYpRgLA,877-163-3081
44-8976909,Lane,Sumpner,lsumpnercy@mediafire.com,ZOEn4D7wm1SG,269-762-8091
58-1034875,Georgeanna,Jobbins,gjobbinscz@fda.gov,SrRlmQ5W,637-768-3775
29-1276161,Tybi,Fahey,tfaheyd0@house.gov,cnm2eoKLO,578-212-7265
01-6511321,Nikolaus,Ovesen,novesend1@economist.com,7jhvwAS1GLpI,408-350-1910
10-3603252,Addia,Tolworthy,atolworthyd2@miitbeian.gov.cn,NYcDbAVg8kOl,289-180-6983
06-5683249,Chad,Peake,cpeaked3@icio.us,Q7kAJTK,913-568-8333
24-0503321,Crosby,Hatch,chatchd4@live.com,L7P2BDOVzg,163-711-9813
49-6759797,Parke,Jansens,pjansensd5@yellowpages.com,Al6bPCSND,512-826-0823
12-7099754,Jamey,Hatrey,jhatreyd6@deviantart.com,S5u64P,709-645-8306
66-7297820,Jackie,Sowten,jsowtend7@dailymail.co.uk,hVTeeA,848-273-1429
28-2735183,Major,Ridulfo,mridulfod8@ucla.edu,O06By82,928-727-1812
09-5220862,Eolanda,Hane,ehaned9@hubpages.com,Qe5Zg5Ckg,517-500-9598
35-9202501,Shell,Curcher,scurcherda@va.gov,lUapXu5gv64S,115-389-4820
43-1388448,Glenine,Cullingford,gcullingforddb@mtv.com,6czmHI,180-572-5338
31-4042486,Dianne,Anselm,danselmdc@smugmug.com,pQCk83jhF,813-241-9371
38-7757219,Emelina,Robb,erobbdd@instagram.com,Jf2Gu4Kz8zHy,688-826-6537
12-7230179,Christabel,Belding,cbeldingde@apache.org,LhkLWK,124-298-9217
58-7909206,Ignazio,Cuniffe,icuniffedf@zdnet.com,r9ykHJmZg,409-388-0682
46-1893883,Oriana,Motion,omotiondg@noaa.gov,nCOVGU,942-427-0463
77-2851693,Misty,Blodgetts,mblodgettsdh@yolasite.com,2PjSrrah,281-501-1873
05-2033809,Israel,Kinchin,ikinchindi@cnn.com,hCqzoxP,636-681-8556
56-2824590,Alessandro,Basile,abasiledj@sciencedirect.com,5bRo6b,594-383-9396
84-1373104,Lorene,Devanny,ldevannydk@lycos.com,hNhbZau,106-752-8726
88-8104867,Rickie,Clemonts,rclemontsdl@opensource.org,CKiYJBcJU,475-244-7750
95-1752061,Terri,Berrey,tberreydm@who.int,euBev7E,466-167-4785
76-6678587,Lindon,Cochran,lcochrandn@tinypic.com,jyt2J5PK,454-517-8267
25-7059593,Gawen,Ripper,gripperdo@plala.or.jp,UXr2dFH,205-866-5504
62-8511733,Stavros,McLinden,smclindendp@themeforest.net,HpOWpH3r1Y,208-329-5204
29-2657965,Doy,Satterley,dsatterleydq@opera.com,qHKktc,258-308-6364
29-9561453,Georgena,Harbage,gharbagedr@ft.com,py5Vuxxu,337-971-6179
28-2797155,Aarika,Martinello,amartinellods@stumbleupon.com,R4CUugl7,543-876-2147
10-2161434,Wallache,Thunders,wthundersdt@irs.gov,X3yfqwLs7J,428-925-5816
23-5586238,Noella,Kienzle,nkienzledu@reverbnation.com,mMShJcCZR,951-827-0913
94-4879852,Chrisse,Jedrzejkiewicz,cjedrzejkiewiczdv@wikimedia.org,asvaqNNQs15t,765-562-0217
79-7359140,Laverna,Grubb,lgrubbdw@ow.ly,H7iysTuu,247-154-8469
23-3430124,Betteanne,Berthe,bberthedx@posterous.com,GLWk4SGaot,162-144-0338
97-6766528,Reggis,Morison,rmorisondy@scribd.com,ZqJirHj26,882-398-5443
05-2146426,Reagan,Lordon,rlordondz@usgs.gov,ShDOuK4E,972-655-8332
70-5941030,Yorgos,Tatersale,ytatersalee0@theatlantic.com,nTgbbX3UIVm,881-692-2245
35-6956252,Bondon,Debenham,bdebenhame1@ning.com,5Lm8qjAAnc3,553-351-5602
37-9745537,Raeann,Schapero,rschaperoe2@prweb.com,SGEnRR,960-597-3628
11-3892797,Janaye,Densie,jdensiee3@privacy.gov.au,BugOC1,862-295-1548
98-0557716,Radcliffe,Sails,rsailse4@nba.com,1La0tH0X,261-190-0641
29-6285870,Isabelita,Chezelle,ichezellee5@dell.com,6DAtzYsZK,983-221-7701
41-9684258,Melvyn,Ingyon,mingyone6@tmall.com,jDkN2Av0rrj,242-745-2617
15-9783232,Lilith,Iohananof,liohananofe7@senate.gov,qfhEVXUjHv,392-853-3076
12-4646191,Lissie,Orchard,lorcharde8@nih.gov,TG1Zcy,522-649-8382
16-4722515,Lezley,Farherty,lfarhertye9@si.edu,UQtWVjbjMvZM,904-507-0446
57-8217008,Marrilee,McGilvray,mmcgilvrayea@prweb.com,OGW28BHa7p,633-970-1497
19-9912772,Allis,Dawdary,adawdaryeb@macromedia.com,l7X6L3FBX,159-629-8991
99-7171070,Thomasa,Fallowes,tfallowesec@devhub.com,VUHkgtnD,604-760-5833
71-3579661,Alphonse,Pinnell,apinnelled@xrea.com,rmZ3Zts1sWOp,301-521-8632
31-1660854,Burch,Oddie,boddieee@ezinearticles.com,IjvqzMsGF4I,297-913-8705
72-9795139,Greggory,Wickardt,gwickardtef@addtoany.com,ZgUxdW4KtA,953-153-3040
68-8926250,Nathalie,Goschalk,ngoschalkeg@csmonitor.com,VNeDBdm,409-516-5273
33-3028723,Aloisia,Sprague,aspragueeh@google.cn,MCV80HkU,169-982-9877
95-7694763,Washington,Prate,wprateei@amazon.com,xMQheBIFKkJ,281-890-7022
22-7205127,Dannye,Briggs,dbriggsej@blogtalkradio.com,3FcC1E,836-872-3219
84-2969413,Kris,Mathissen,kmathissenek@prnewswire.com,tQf0hWz2,200-898-5723
69-8141667,Thelma,Hawton,thawtonel@1und1.de,kMUl42uU5M,549-301-1271
36-7492689,Elisa,Chainey,echaineyem@alibaba.com,L5822I5Y,848-465-4931
33-6022951,Trixy,Pinshon,tpinshonen@dailymail.co.uk,74RPhghq9Wik,411-168-5433
97-6504407,Birgitta,Lindsay,blindsayeo@mediafire.com,IujWUe,160-127-6728
44-7490602,Bibby,Baish,bbaishep@homestead.com,P6JmCceQ,718-359-3523
12-7465820,Trent,Reboul,trebouleq@ezinearticles.com,Dc0VtG,126-122-2537
02-4885831,Rosella,Olyonov,rolyonover@squidoo.com,QaaTFYgZ,714-731-7903
56-9798524,Constancy,Kinlock,ckinlockes@pcworld.com,v5XE5nHzzrmO,491-945-3810
88-7996411,Ellis,Sheen,esheenet@addtoany.com,7uti0L,631-568-9242
91-9219311,Tonnie,Trathan,ttrathaneu@aboutads.info,a2kLUV7,599-486-5800
76-7199744,Ira,Padillo,ipadilloev@squarespace.com,v5vkmJdJ0H,412-653-0223
66-1244318,Ilyssa,Reilingen,ireilingenew@youku.com,rPUozcEXqHT,696-834-5918
67-1073692,Berta,Dangl,bdanglex@wiley.com,ZBhMpY,802-288-0137
55-2488361,Jenica,Mcmanaman,jmcmanamaney@webeden.co.uk,q4wvYxs,775-481-6559
78-2776846,Billie,Eddolls,beddollsez@google.ca,aTDXmpi4,203-550-6744
54-6589914,Ramona,Gillian,rgillianf0@bbc.co.uk,jawLM0tmoET,520-384-1090
44-6903231,Lenora,Rispin,lrispinf1@purevolume.com,D9aZLnuknz,537-932-2756
05-8370210,Cicily,Flintuff,cflintufff2@google.es,hHGaCw76m44,483-183-3570
17-3389150,Daryn,Gainsford,dgainsfordf3@cafepress.com,es5OlD,573-597-4836
73-4774088,Constancia,Cardus,ccardusf4@homestead.com,xdfHm9g,212-698-8390
13-0549808,Abey,Zoppie,azoppief5@umn.edu,DeWYsQ,161-941-3336
21-2130781,Freddie,Jeandot,fjeandotf6@cargocollective.com,7zO86ia,768-652-2989
95-5844992,Justino,Barttrum,jbarttrumf7@blogs.com,iZO4uyi6WNk,811-968-4123
31-2583118,Ray,Durbann,rdurbannf8@nsw.gov.au,hC4JOvfmZpCw,859-405-1109
49-5095571,Andy,Fielders,afieldersf9@squidoo.com,hD390TJ,406-855-0161
73-4469316,Halie,Younglove,hyounglovefa@gov.uk,RDmD99dCH,427-726-4491
16-0622531,Darelle,Emeney,demeneyfb@ebay.co.uk,cY7Zp9Z5xKUT,423-424-0610
93-0654562,Janela,Grenville,jgrenvillefc@networkadvertising.org,baOAxt1O9K,361-340-3804
14-6576738,Roxanne,McMinn,rmcminnfd@skyrock.com,f9Cxi2,941-524-9615
06-7370429,Rowe,Tippell,rtippellfe@twitter.com,KN8mhg5g9aqo,834-542-9721
98-0424965,Byran,Kunrad,bkunradff@jimdo.com,DYvCkRcual,113-712-0018
89-6672398,Reese,Stuckow,rstuckowfg@java.com,c3Y1EIk2aZ4w,250-602-3456
79-5894423,Vincents,Ivell,vivellfh@home.pl,MnqzILAAbnEH,456-713-7547
69-2324896,Minerva,Spileman,mspilemanfi@shutterfly.com,jvYXcQSvl,702-860-1595
03-2185187,Evonne,Curdell,ecurdellfj@freewebs.com,UKJ5z3BHN,117-865-5862
85-3669733,Sondra,Tompkiss,stompkissfk@facebook.com,oh4UoKvrURif,954-987-7596
71-9298457,Arne,Riddock,ariddockfl@illinois.edu,PxxPoifUp,389-309-8413
87-3493897,Wells,Penswick,wpenswickfm@nasa.gov,Qss8Fl,755-686-4703
60-3539198,Reyna,MacRierie,rmacrieriefn@dot.gov,P0gtUE,887-191-2943
21-2014574,Benjamin,Duckhouse,bduckhousefo@people.com.cn,WRl8fCCXxl,564-598-2665
68-9206062,Harrietta,Beals,hbealsfp@baidu.com,ejOqCB7Hf7O,985-208-3678
81-9521040,Raff,Brydon,rbrydonfq@ucoz.ru,CKjtufZuM,533-861-1505
91-2254070,Cassaundra,Blazek,cblazekfr@mlb.com,yFnjs1r,686-125-6738
85-1815036,Donn,Basindale,dbasindalefs@unicef.org,Ns5eOms,865-154-4116
58-1047214,Saxon,Khomin,skhominft@yolasite.com,FCfRZR,582-984-1854
38-2999876,Leia,Rotherham,lrotherhamfu@google.pl,F1tA1hJYA,134-523-6889
70-9880515,Bernarr,Nesfield,bnesfieldfv@un.org,ZZcrgxuOyIi,971-917-6413
99-1186005,Tamra,Gentil,tgentilfw@pinterest.com,4kFQRg2pvNXi,313-713-8879
79-2368840,Willamina,Sterrie,wsterriefx@cbslocal.com,P00CDP,289-449-6487
46-0687056,Kristofor,Carbry,kcarbryfy@feedburner.com,3YKeqkw,227-241-9133
07-9724103,Swen,Tricker,strickerfz@ox.ac.uk,TElXN2XpE,963-483-2551
93-1960742,Oralla,Grane,ograneg0@blogger.com,Ki6SiSL,961-672-7015
82-2968055,Merl,Carvilla,mcarvillag1@bluehost.com,qyRfJOMEPr,383-290-6761
46-9867718,Sigismondo,Braffington,sbraffingtong2@cbslocal.com,bHshiMDdcSzo,536-412-7800
21-3235851,Bonnee,Charlet,bcharletg3@bravesites.com,YGUQCrZ4BJ2g,627-503-9257
36-1784808,Georges,Iannitti,giannittig4@netscape.com,dHiz517,473-699-6004
54-3940723,Pen,Brittle,pbrittleg5@smugmug.com,i33RHnVFzbFl,742-347-8349
12-7993345,Robenia,Farndale,rfarndaleg6@simplemachines.org,ZNSxpDGc9kt,385-702-2588
96-7697820,Cordey,Wyllie,cwyllieg7@stumbleupon.com,EdOO79Tt,896-511-3820
64-9214386,Ketti,Bellingham,kbellinghamg8@latimes.com,62PBzlOcCLkB,967-189-9680
75-3062791,Berta,Persence,bpersenceg9@businesswire.com,brbd0RN,972-241-4821
49-2530206,Axel,Holleran,aholleranga@amazonaws.com,OdJkmM,195-746-8931
22-2664180,Wanda,Slader,wsladergb@dot.gov,G1QUrEOLODbS,831-424-0064
17-4407290,Albert,Markham,amarkhamgc@java.com,kcKdN28mrELb,713-700-4684
67-1094697,Lynett,Victoria,lvictoriagd@noaa.gov,wEY93f,594-311-7189
95-5679613,Tammara,Stenton,tstentonge@amazon.com,qiorE7yy,826-170-9915
13-9013023,Marshal,Giovannini,mgiovanninigf@vimeo.com,yyz9GLPAovQ,168-301-3500
05-0531535,Bobby,Strelitzki,bstrelitzkigg@yahoo.co.jp,bO7NYEt,150-589-5135
09-7914425,Erika,Ridsdale,eridsdalegh@parallels.com,m7zaXR95PT,345-288-8101
57-5028130,Guendolen,Sprowle,gsprowlegi@upenn.edu,Es7YoEXOSr,881-795-0010
66-8112280,Antonino,Tilt,atiltgj@usnews.com,aaKfqZDq,361-459-2062
63-8491766,Gregorius,Saffell,gsaffellgk@miibeian.gov.cn,rKCVkzyhE,852-396-8028
25-9889627,Tiertza,Ryder,trydergl@reverbnation.com,0BPHu4GF,716-834-2329
43-0107259,Robbie,Asche,raschegm@house.gov,bHzqb4xnACak,795-980-8736
82-8258280,Duncan,Margetts,dmargettsgn@shutterfly.com,ktU766gN,571-124-3872
92-6239426,Kristian,Tubridy,ktubridygo@discovery.com,0NuKKY7,813-596-7143
48-6350673,Pietra,Pinsent,ppinsentgp@gmpg.org,BYJj2RLDvzlP,601-511-5061
75-9260385,Margie,Oulett,moulettgq@pinterest.com,HlPbDQzngnx,741-129-3229
10-1481923,Graham,Nobbs,gnobbsgr@csmonitor.com,mrzkcLEb0HK,212-145-0353
27-7067771,Oralle,Cadagan,ocadagangs@bluehost.com,kEKZXU,520-649-6935
22-6869763,Vicki,Hatherley,vhatherleygt@google.com,ox5E7sCWs,566-659-6734
49-8444114,Davis,Scarasbrick,dscarasbrickgu@sciencedaily.com,hWzfyf3F,851-932-6592
35-3098758,Janot,McIlwraith,jmcilwraithgv@i2i.jp,WpuIssG,304-425-4160
80-9920129,Merry,Boolsen,mboolsengw@deliciousdays.com,kR5BPfkAY,619-723-8814
15-3589762,Antin,Corday,acordaygx@disqus.com,DW11Rf,656-316-6330
38-9747233,Nathanil,Guwer,nguwergy@about.com,O47PYz,386-372-7193
78-1959330,Fanny,Clack,fclackgz@marriott.com,w2DKb2l,523-267-1288
93-4459539,Helene,Daens,hdaensh0@unc.edu,KMbT9Am,762-456-0726
18-7311892,Peirce,Brotherheed,pbrotherheedh1@163.com,qXpT10iwfy,254-208-3791
02-5998256,Alia,Abbott,aabbotth2@comcast.net,2Oapydyz0,897-442-4945
83-3934503,Selina,Tynnan,stynnanh3@nhs.uk,AIKia04P,642-861-2096
89-0109396,Loutitia,Simoni,lsimonih4@archive.org,b6EaIKjU403,236-815-1831
49-0157840,Tanney,Farquarson,tfarquarsonh5@reverbnation.com,WZQfBHLkms21,881-897-9381
98-9518180,Web,Goalby,wgoalbyh6@paypal.com,5qRlTM,429-992-3628
28-6724569,Evey,Jephcott,ejephcotth7@apple.com,EUXLnK,892-658-5783
83-3990988,Ole,Bambrick,obambrickh8@nationalgeographic.com,pALFeFngF,561-397-7941
62-1891456,Drucie,Craiker,dcraikerh9@deliciousdays.com,Ph2y7CjyH0NL,633-850-2445
90-6191656,Dian,Glossup,dglossupha@mysql.com,6TNLv748J2A,496-289-0621
72-7896013,Curran,Upex,cupexhb@github.com,jzRko6JhV,863-616-8696
43-1749680,Shandeigh,Orwin,sorwinhc@ucoz.ru,Me7qaULKW,419-345-1928
11-3688338,Umberto,Frowen,ufrowenhd@tuttocitta.it,6yuE159Cr,776-665-5697
47-2956016,Florian,O'Cooney,focooneyhe@wikipedia.org,QG7ycmSJL4,192-109-8884
86-0664460,Edee,Snipe,esnipehf@i2i.jp,mRIkBTRLY,493-946-0877
66-7002941,Alisun,Stilliard,astilliardhg@goo.ne.jp,5nkWENKOoj,529-422-1945
18-1087867,Sallee,Morcom,smorcomhh@nytimes.com,T9ielH3HT,241-919-7078
72-1807780,Dody,Gritton,dgrittonhi@omniture.com,ZBlB61rJ,895-703-6319
60-4737438,Robbie,Bresman,rbresmanhj@youtube.com,QxmfFS1w,608-453-7307
30-8835113,Audre,Vasilyev,avasilyevhk@networkadvertising.org,BuIqLWQq9,602-615-2873
88-5405242,Silvan,Gherarducci,sgherarduccihl@usatoday.com,WUsXKWnBp,788-710-1284
72-2472952,Layla,Bennetts,lbennettshm@unblog.fr,UrpZxCLDScxF,595-103-0317
42-3711564,Joyous,Wraggs,jwraggshn@china.com.cn,ZkIY6JQXyw,558-787-0751
47-8100608,April,Galpin,agalpinho@symantec.com,DEw1lZrhGq,530-881-5059
19-8001586,Waylin,MacSkeagan,wmacskeaganhp@oaic.gov.au,JKWzxgOmd,456-213-7520
14-0940668,Isak,Sander,isanderhq@unc.edu,Xr6NPL,543-251-1810
80-5754100,Orin,Blackadder,oblackadderhr@jalbum.net,nvhxUT051g,607-914-9084
65-5202390,Stafani,Domaschke,sdomaschkehs@google.com.au,s6cjG3,451-450-8751
00-2249663,Brook,Mulvaney,bmulvaneyht@technorati.com,dycPaRJl4rT,331-994-7246
51-0029708,Torin,Mantripp,tmantripphu@admin.ch,88PwkrKvRJCw,415-978-4515
70-7520175,Laverne,Winspeare,lwinspearehv@surveymonkey.com,SU4l1hd4dodC,953-513-4427
04-3615624,Hedi,Scullin,hscullinhw@spotify.com,vW7d6sSIXyV,680-153-6798
70-5517751,Boyce,Swales,bswaleshx@wired.com,EavNlkrHUL3,315-529-3520
51-0099557,Chrotoem,Mechem,cmechemhy@purevolume.com,ixwSePkyWXO,531-322-6096
45-8814619,Julian,Hutchin,jhutchinhz@cdbaby.com,Z0R2tWSqU,681-632-3587
89-2399492,Minnnie,Hubbart,mhubbarti0@apache.org,jaA4bS97uR4,668-653-3174
76-4650781,Sada,Dabernott,sdabernotti1@hibu.com,TqfXYhX,945-168-2946
58-8206575,Lenka,Leachman,lleachmani2@soup.io,JVb0DC,703-910-8570
76-3569761,Pacorro,D'Antonio,pdantonioi3@mapquest.com,NgSt8zAkYb9,770-272-5777
48-7287563,Raoul,Bispo,rbispoi4@posterous.com,sSGJyAwNj,793-380-1879
76-3651948,Rhoda,Sandeson,rsandesoni5@state.tx.us,DzcLNM2F,570-547-0525
56-8109445,Griff,Eakley,geakleyi6@craigslist.org,ZBh6Yu5I6,816-654-5203
65-8441167,Salomo,Patshull,spatshulli7@de.vu,msk5a7QkP2Uv,559-710-7829
75-2192949,Constantino,Gregoli,cgregolii8@com.com,K2SbAi,156-493-9081
50-2393788,Rasla,Thorogood,rthorogoodi9@woothemes.com,LHoV6kcokaaz,699-585-0053
74-5350310,Hollis,Ikringill,hikringillia@sohu.com,LWow0o2K,705-927-1963
93-5820365,Kerwinn,Callander,kcallanderib@blogger.com,LnIfUVH,608-337-6299
45-1042422,Marshal,Margrett,mmargrettic@so-net.ne.jp,HomSzAMl4mog,593-393-5316
69-3463233,Lawton,Dannatt,ldannattid@hhs.gov,6ec3VY4X4lSB,434-673-4154
05-6368428,Bari,Proger,bprogerie@e-recht24.de,LZRCFZ,795-751-8054
79-1055017,Elnore,Steward,estewardif@gnu.org,G9MEjLdoJW,303-317-7356
88-7175698,Taylor,Allcott,tallcottig@mtv.com,p4n9GZh,471-615-6533
05-2127178,Harri,Creenan,hcreenanih@state.tx.us,P8FRbuBp,295-869-3960
61-9172662,Anthia,O' Bee,aobeeii@bluehost.com,R7NtREzSs,946-911-1449
22-1878839,Findley,Grief,fgriefij@go.com,84QGHGZxMcGb,808-502-5201
03-4182350,Zenia,Milnes,zmilnesik@icio.us,3UDY4Hkpd1,425-180-4258
63-3064019,Gillie,Marti,gmartiil@soup.io,ivs6qvkvrj6,592-145-2080
90-5112694,Gabriellia,Treuge,gtreugeim@merriam-webster.com,WIaj4UpN8DhX,841-741-4579
42-7790744,Audry,Rivenzon,arivenzonin@huffingtonpost.com,JxVFGlNw,898-187-8281
92-0391784,Jamie,Thomlinson,jthomlinsonio@wikispaces.com,mvKgB3NyNsh,874-251-9856
96-7491700,Muire,Crossland,mcrosslandip@foxnews.com,KNqudOv,912-885-3224
16-5936018,Todd,Checcucci,tcheccucciiq@wunderground.com,mkcbpDIoB2UU,870-554-3088
89-1339358,Lowe,Conley,lconleyir@ning.com,uWPNw5Vcnhl6,620-979-8489
60-9858836,Germaine,Telfer,gtelferis@hc360.com,orq4sPpaEex1,724-849-9014
60-7497715,Blake,Froschauer,bfroschauerit@sohu.com,y8qark0e,591-727-0862
64-3537961,Carol,Longbone,clongboneiu@theguardian.com,FOpyO3lp,966-999-7205
39-7440683,Iain,Dumini,iduminiiv@google.cn,PsJAxNPb0xE,455-835-1931
94-3230728,Chanda,Ceci,cceciiw@comcast.net,8Ky20Y,243-459-1845
02-3744474,Carlin,Ismail,cismailix@tmall.com,32ywdnseHnS,371-326-1890
18-7067300,Jarad,Taft,jtaftiy@istockphoto.com,pZPlSEGbpt6,947-685-3231
42-7160913,Evey,Grimstead,egrimsteadiz@guardian.co.uk,dqtxFCOpnN,628-967-6602
26-6891277,Dewitt,Mouan,dmouanj0@qq.com,A8PXkt1Gv5tD,658-952-3724
64-7457809,Lind,Ivashnikov,livashnikovj1@artisteer.com,I3tzfkX,250-729-4283
34-1488098,Gideon,Thornhill,gthornhillj2@netscape.com,ZYhn5EBNls,286-336-4635
53-6702065,Jackqueline,Greschke,jgreschkej3@shop-pro.jp,6e5L56jZUfaP,526-211-4531
11-8383771,Regine,Czadla,rczadlaj4@ted.com,RlLxX3Isro,334-462-0051
21-8119266,Brigitta,Peidro,bpeidroj5@issuu.com,vDRvP9xrZS,743-623-0236
40-7611399,Norrie,Joskowicz,njoskowiczj6@sun.com,ln7r0tR6OKMg,111-198-7506
39-7267614,Frankie,Maccrea,fmaccreaj7@zimbio.com,STMUIgIdbb,317-398-2472
20-5571921,Carmelia,Leeves,cleevesj8@china.com.cn,nHOS0wr,180-968-5031
82-1024100,Ingeborg,Reef,ireefj9@infoseek.co.jp,iGeMXn8s1rgC,512-745-0706
05-6971396,Alisun,O'Cahey,aocaheyja@sphinn.com,1ZfKagu,615-376-4600
51-1592160,Jimmy,Overthrow,joverthrowjb@taobao.com,8HjXEIrL,801-724-6357
49-3487825,Ingaberg,Depka,idepkajc@clickbank.net,GJUVtH,290-333-0060
65-8213461,Drucill,Ruddy,druddyjd@microsoft.com,DZ4vb9B2WxE,263-709-2224
63-9126163,Perry,Banham,pbanhamje@parallels.com,yEtWLXK,206-442-1098
29-2776393,Rania,Fairlie,rfairliejf@pcworld.com,HwgZytYXhrEq,339-199-4575
11-1491793,Boone,Roxby,broxbyjg@wikispaces.com,oHmEUvl2SLIH,686-869-4109
79-2755842,Corinna,Luna,clunajh@mozilla.com,IjNXzMbZKBW,670-529-3515
35-0177220,Conrade,Rodman,crodmanji@wsj.com,LdYh9tVsPM8T,317-408-4142
05-5371425,Melesa,Josskoviz,mjosskovizjj@dailymail.co.uk,E3c4pirhvY,329-553-2376
38-3158235,Sara,Mulbery,smulberyjk@blogger.com,LetFept3g0P,918-861-4843
40-1863609,Alanna,Belford,abelfordjl@phpbb.com,SD6at2Sae,522-814-6992
00-2566480,Fern,Poulglais,fpoulglaisjm@washingtonpost.com,uSnwdLi83P7s,128-448-3287
10-5746221,Haily,Gulberg,hgulbergjn@java.com,echUAmNhmkZ,283-640-6852
15-6972875,Hermione,Juschke,hjuschkejo@parallels.com,9afy0jxDb,282-865-1764
51-1289949,Ellyn,Rohloff,erohloffjp@simplemachines.org,cUTwPzlanDD,334-472-7103
87-7168445,Colman,De Andisie,cdeandisiejq@wordpress.com,0bcVAl3VM07V,686-888-2615
67-1261505,Revkah,Grocott,rgrocottjr@craigslist.org,ec4bTC,622-138-1406
98-1150175,Ripley,Benjafield,rbenjafieldjs@g.co,V8kZXmXcZcqi,266-284-6487
58-6926966,Smith,Dono,sdonojt@rambler.ru,ZK27sT0HYy,592-762-8993
61-5704226,Allison,Elcum,aelcumju@dedecms.com,1kbwPxyp,286-442-7610
64-7819648,Katy,Heelis,kheelisjv@ifeng.com,E7eXheCncfH,280-358-7847
98-5647301,Carlo,Tippings,ctippingsjw@nih.gov,7FQ6EA,762-160-0259
66-7301694,Sanson,Renol,srenoljx@npr.org,NRUTH9oc8vl,695-283-8909
71-4233990,Blinny,Cuell,bcuelljy@networksolutions.com,3nnIru8W32S,955-560-4797
63-9622368,Vernon,Cumo,vcumojz@usnews.com,MUdKXST4P,337-551-3572
16-6491549,Cathleen,Fitt,cfittk0@stumbleupon.com,KY1zgU,210-207-3964
88-0429596,Glori,Crozier,gcrozierk1@narod.ru,YqakXvP9Q,895-278-0851
64-6425994,Gratia,Daout,gdaoutk2@bbc.co.uk,yt1hYPdy,273-749-2144
38-0153342,Sallie,Reide,sreidek3@mysql.com,tXwjVtH,501-354-9887
26-0585188,Stefan,Peyes,speyesk4@opera.com,cVL9NB9P,644-184-5532
66-5104288,Danette,Swateridge,dswateridgek5@foxnews.com,chlhR7tD,966-354-5235
09-3237645,Mead,Beadnall,mbeadnallk6@github.io,WxxCDjG,106-764-7111
34-5841687,Josh,Serfati,jserfatik7@xinhuanet.com,7Xv7iGAgbr,480-749-9522
64-3185933,Alyssa,Skally,askallyk8@epa.gov,HQq14MhLlxk,908-539-7105
99-2627316,Staci,Chiechio,schiechiok9@elpais.com,IxZaGky5kX,742-571-7849
53-1699228,Lyle,Gowdie,lgowdieka@miitbeian.gov.cn,56heRaojpTMx,280-560-6334
18-4471475,Sonny,Bracknell,sbracknellkb@berkeley.edu,YIOH9Awzr,698-597-7453
99-0095020,Fawn,Yonnie,fyonniekc@seattletimes.com,J4k8Fp,420-499-6436
96-9813762,Jodi,Fontelles,jfontelleskd@wordpress.org,bW7ZGLi8z,571-525-7548
77-0449157,Fernandina,Mowett,fmowettke@pinterest.com,ENogtp7JRu45,767-667-1743
31-6144237,Dyanne,Staten,dstatenkf@ezinearticles.com,OmiX8x,890-477-4143
45-6802749,Jilli,Van der Son,jvandersonkg@jigsy.com,MaGre0Xtpzre,207-642-3232
51-8154306,Ardis,Maypowder,amaypowderkh@ezinearticles.com,G2m344,492-362-7120
54-0061885,Otto,Legerton,olegertonki@ted.com,ZmtUwuLI,384-791-6033
54-9439545,Jennine,Callicott,jcallicottkj@free.fr,mnrodrc3EP1,242-808-7170
63-7990327,West,Dickman,wdickmankk@answers.com,gwJW7CV,930-283-8859
18-6155607,Felic,Meldon,fmeldonkl@nsw.gov.au,RZQuYGJ6,694-693-4068
94-1169393,Mendel,Szubert,mszubertkm@toplist.cz,h1Kkrsg7,951-140-3748
14-3227134,Appolonia,Cowap,acowapkn@time.com,tpnDQlWA,147-789-5686
41-6844672,Earlie,Hewkin,ehewkinko@goo.gl,HrA2xRk,683-385-2286
82-5595707,Kris,Shreeve,kshreevekp@chicagotribune.com,J3y6Mbs9duT,205-850-1425
25-1606353,Marybelle,Lafay,mlafaykq@mail.ru,g6c2o8,915-886-1035
06-6691157,Augustine,Eastup,aeastupkr@scribd.com,jIL1VX,487-387-0062
67-4271434,Hermine,Paddle,hpaddleks@spiegel.de,RNClruFe2,457-558-0779
56-4539930,Maura,Clink,mclinkkt@about.com,EPyZxt1,618-851-5807
86-8813497,Chad,Dosdale,cdosdaleku@wsj.com,N5rPcMp,873-791-4865
32-4819451,Loralyn,Tamblyn,ltamblynkv@jigsy.com,cXuQdy30MM,371-699-2797
21-6013924,Priscilla,Loughlan,ploughlankw@artisteer.com,T1CvpunyMRSu,553-452-4863
90-9016711,Mel,Buffin,mbuffinkx@studiopress.com,N1T1Rq,288-743-1351
62-6036272,Uri,Anthill,uanthillky@omniture.com,HIWwEeRHz,424-447-1221
83-4425164,Ethelbert,Willoughley,ewilloughleykz@google.it,T0cm3Gl,537-217-2666
82-9313602,Jena,Stathers,jstathersl0@accuweather.com,DfccvVfXJpwW,553-772-6693
96-5055414,Roderich,Cotillard,rcotillardl1@exblog.jp,lx7ufx,970-261-0109
07-4243445,Judas,McKeag,jmckeagl2@examiner.com,CN2wA9Q7e8o,966-288-9303
68-0112216,Arlinda,Stolze,astolzel3@flavors.me,WcudvI,770-186-6273
50-1260100,Cyndy,Axel,caxell4@eepurl.com,x2LzSirhJ,791-403-8059
70-5669809,Trev,Arnaudi,tarnaudil5@yandex.ru,Ip6WYQGfg,596-900-9576
84-6434817,Glynda,MacCallion,gmaccallionl6@imageshack.us,1qmkTyYJJu,940-445-4359
83-7520939,Regan,Lamberto,rlambertol7@tmall.com,Gv7nxkyT,877-427-1276
16-3964436,Lynnelle,Bayliss,lbaylissl8@newyorker.com,vbEJAmys,376-726-1468
84-4042796,Susann,Fawdery,sfawderyl9@senate.gov,VLlW65A3,988-880-6693
80-5382618,George,Filippi,gfilippila@goo.gl,dT5H8h,741-699-9049
98-8651965,Michaella,Blazek,mblazeklb@omniture.com,HROVQH,915-945-4537
01-6064447,Julie,Sixsmith,jsixsmithlc@live.com,e0okwBl,835-422-4899
23-4554456,Sibella,Middlebrook,smiddlebrookld@deviantart.com,9bQxmbQN,617-300-4374
54-4036835,Susan,Jenkerson,sjenkersonle@elegantthemes.com,klpkbuux9E,779-272-7209
58-6102483,Pamella,McBayne,pmcbaynelf@fotki.com,Rpl6WIXlv,571-751-8144
37-2348567,Finley,Cardiff,fcardifflg@symantec.com,C97pA3r2C,757-733-7621
69-9964239,Turner,Ellens,tellenslh@theglobeandmail.com,Wl3aQDi,164-246-1808
91-5509049,Alie,Nottram,anottramli@4shared.com,QcjLgTeX9,134-104-0877
54-3829737,Lurleen,Karim,lkarimlj@arstechnica.com,yHiTT45vuNc,305-865-9401
84-2693950,Ulick,Loding,ulodinglk@skyrock.com,hgEfX93uh,242-714-8394
86-7903557,Anders,Holson,aholsonll@ustream.tv,Qtr52H0On,642-545-9469
63-4438072,Bobinette,Quoit,bquoitlm@elpais.com,g189jeThNhCE,119-168-9575
68-3082882,Carleton,Brooksby,cbrooksbyln@wp.com,FB6jiwtn,187-220-9942
39-7000118,Bank,Dickson,bdicksonlo@bluehost.com,eZRVxTYK,836-380-3238
41-8144914,Devin,Orton,dortonlp@webmd.com,KdHfFjL1LzQ1,527-538-3845
69-8413752,Randee,Andreasen,randreasenlq@indiatimes.com,U5dKH35,560-700-2895
79-2075478,Simon,Josselson,sjosselsonlr@imdb.com,ScBwpGd,620-355-6917
68-5320687,Lethia,Tabert,ltabertls@java.com,fG8ju9ihk,137-209-2031
91-3984328,Anatol,Sampey,asampeylt@cmu.edu,3qn1LI4,317-494-1035
44-7007621,Nanette,Dinkin,ndinkinlu@yahoo.co.jp,mClpM72MnMEC,488-930-0875
33-7468735,Doralia,Haeslier,dhaeslierlv@freewebs.com,RWeRwF,524-558-2014
40-3171165,Karleen,Prandi,kprandilw@kickstarter.com,1lAgfhqFur,674-427-6943
32-6759795,Raddie,Ferreiro,rferreirolx@cloudflare.com,hVbQqycMaA,934-915-8927
56-5241140,Brett,McClenan,bmcclenanly@cbslocal.com,MmmCvY,830-437-8340
50-7575403,Tore,Diglin,tdiglinlz@howstuffworks.com,uY0g7XYkemXe,294-730-4431
09-2943597,Rosamund,Ensley,rensleym0@purevolume.com,xVcH6l,690-554-9175
73-1870896,Isadore,Lowder,ilowderm1@yahoo.com,36UryCDdudVL,937-874-5943
62-9195834,Elvira,Alesi,ealesim2@last.fm,ZCi93Yg,904-148-6924
40-0271887,Hyman,Jordeson,hjordesonm3@google.com.br,w5nzk0M4,707-404-9217
42-3222044,Daile,Cargon,dcargonm4@spotify.com,dKIat0RU5,490-498-7793
60-3995105,Cleo,Valiant,cvaliantm5@state.tx.us,4IF30c,786-799-0285
81-6519467,Bondon,Bartoshevich,bbartoshevichm6@harvard.edu,lauk4KZ8Uar,977-745-9199
85-8414934,Katee,Harry,kharrym7@blogspot.com,mK2GiS1,259-937-6647
96-4905872,Keen,Goodered,kgooderedm8@salon.com,WejF5j96OT,848-417-8620
48-3047529,Ermengarde,Cordet,ecordetm9@washington.edu,kHoxoi85,152-178-7470
01-9775090,Ced,Snibson,csnibsonma@rakuten.co.jp,tDBu9yQ8,867-936-2904
82-3258418,Arley,Gerson,agersonmb@theguardian.com,c1Zj4s,649-773-0336
29-1816167,Debbie,Oxenham,doxenhammc@people.com.cn,tQ5Nh6AYhrMo,996-993-1458
92-9738754,Tracy,Feitosa,tfeitosamd@mapy.cz,3JUQMwiMsX,228-703-2522
97-0745188,Levon,Arkcoll,larkcollme@last.fm,x6OGElcHlnc1,142-706-9240
40-4978778,Timothea,Dorian,tdorianmf@google.co.uk,PFXHzppD,924-922-8447
48-6090657,Sybyl,McDougald,smcdougaldmg@harvard.edu,M6l7r8p,992-157-4189
95-4383165,Tracy,Tenney,ttenneymh@wiley.com,ONiUzV9,804-476-7902
22-0573499,Dalli,Nielson,dnielsonmi@weibo.com,QR1e4pzN,279-526-6434
25-0322429,Eadmund,Huckerbe,ehuckerbemj@dailymail.co.uk,KkU3rGu,783-551-6695
40-4341051,Tommi,Sartin,tsartinmk@quantcast.com,afrO3SreRUX,322-358-1227
51-5797209,Roxanna,Gorges,rgorgesml@sourceforge.net,osaaC1n,619-886-2845
19-7605270,Ursola,Jarmain,ujarmainmm@ovh.net,JnkEaQ,947-590-9002
39-9248014,Delly,Wittering,dwitteringmn@cbsnews.com,AMqd9P9MIJ,564-590-5944
89-5473181,Allayne,Bordone,abordonemo@csmonitor.com,byWWWxB,747-983-7646
49-8452118,Sim,Linley,slinleymp@nhs.uk,ClBTNX3O,492-794-0005
68-9360784,Steffen,Whicher,swhichermq@weather.com,HKY7g0R46qA,945-955-5120
56-5623201,Elisha,Geerdts,egeerdtsmr@symantec.com,GbHAI8mD,632-407-3586
79-9672877,Bessie,Kurt,bkurtms@taobao.com,nw5AC82F,209-123-2349
44-5142688,Zaria,Siburn,zsiburnmt@rediff.com,OzaQiglDchS,920-527-4791
43-4371746,Shayne,Hamblen,shamblenmu@washington.edu,GervIC2WiZl,842-381-5468
97-7102319,Lemmie,Avramchik,lavramchikmv@weebly.com,7wW8mhAFgxSa,146-499-7689
91-9750943,Bradford,Wellbeloved,bwellbelovedmw@shop-pro.jp,451uhUINucGv,391-206-9449
59-0618348,Maisie,Schofield,mschofieldmx@biblegateway.com,dL8f687,482-303-3654
13-9092050,Dmitri,Hadlington,dhadlingtonmy@fema.gov,2mVgMRDb,736-596-3833
46-0172433,Adams,Lowne,alownemz@sbwire.com,DKZOKJa38q,198-256-6741
27-2043455,Errol,Worpole,eworpolen0@freewebs.com,UAPy6ji,778-197-0937
53-9368284,Janaye,Dobney,jdobneyn1@ucoz.ru,iiMQg7hKtUqw,336-579-6148
15-5054134,Lisetta,Egginton,leggintonn2@dailymail.co.uk,DU5TiQ,940-512-6161
29-4798807,Finlay,Swatradge,fswatradgen3@fotki.com,2yEkD0RME,368-678-1366
89-5402649,Tobin,Chatelet,tchateletn4@epa.gov,mqTG34L6IfZ,695-683-0999
18-0428614,De witt,Bensen,dbensenn5@intel.com,v8q5nJquE,185-315-8933
79-3079728,Carmela,Shillaber,cshillabern6@reverbnation.com,VTyqtDYKAF14,282-696-7684
55-9187800,Isabelita,Eliassen,ieliassenn7@wikia.com,XaiQce,339-939-1879
90-5582824,Lotta,Schutter,lschuttern8@biglobe.ne.jp,nmmqXU7X4,573-731-8028
27-7813510,Anni,Powderham,apowderhamn9@cnbc.com,kjVSZ8bCAa,703-514-1656
70-4425293,Ailina,Delort,adelortna@amazon.de,iotAEm78Hgl3,591-915-5061
74-2070834,Alvira,Fennell,afennellnb@tinyurl.com,PYJBKbV2,109-780-0163
23-2961547,Sigismund,Brozek,sbrozeknc@zimbio.com,jwldh3JsS,491-342-3165
43-3624695,Tamra,Inde,tindend@amazon.com,cY4aDAO,807-558-0621
98-9407890,Vassili,Henkens,vhenkensne@google.fr,MxwqkZf,815-507-2324
10-3095920,Hilliary,Gaskal,hgaskalnf@thetimes.co.uk,8E1tr3J,353-692-0021
71-7301246,Muriel,Coddington,mcoddingtonng@naver.com,f64NhZtV,164-509-5093
38-3584419,Stesha,Paolo,spaolonh@netscape.com,5k3uC7oVKy,671-972-7940
17-1212544,Magdaia,Catchpole,mcatchpoleni@hp.com,tHQ0LfjoDTmk,231-300-5927
74-7266605,Karney,Pol,kpolnj@comsenz.com,QmEhK6,116-428-2059
88-3704275,Maddie,Kinner,mkinnernk@wired.com,qaoe8M1OP4G,847-461-6403
43-0532704,Ilse,Shailer,ishailernl@blogtalkradio.com,cdmjdGBUkr,824-630-6396
37-7393470,Leslie,Cordova,lcordovanm@europa.eu,E2nxOQmTdlQ,408-469-5073
05-8757163,Josefina,Mosdill,jmosdillnn@github.io,lkBPgk7u5y,346-556-2315
69-3747257,Haskel,Matushevich,hmatushevichno@java.com,MdBG00Q,784-613-8094
90-4231846,Noelle,Torrejon,ntorrejonnp@salon.com,VITmlo,864-356-9492
81-2715097,Obidiah,Boodell,oboodellnq@digg.com,kp0zox6D,153-480-0765
47-5918469,Jermain,Pountain,jpountainnr@aboutads.info,FupSrp,670-310-9825
18-7799998,Carny,Parken,cparkenns@google.ca,oV8R7W46,182-729-7785
66-4731970,Quinta,Fried,qfriednt@irs.gov,JXL8GoN,852-900-6049
79-0885532,Orelle,Sander,osandernu@imdb.com,k9mA8FCdyaL,696-468-7589
22-1166661,Trudi,Cowtherd,tcowtherdnv@deviantart.com,mBQhDtj1w,683-776-0916
25-4970339,Davita,Le Provest,dleprovestnw@blogger.com,LbafkXH,943-298-8614
60-3284110,Dorette,Costelow,dcostelownx@google.es,dgeznuUWeg,372-607-4535
66-3243453,Carmon,Coule,ccouleny@sciencedirect.com,7EloezRrH,874-646-7287
50-4025916,Stearn,De Ruel,sderuelnz@dedecms.com,qGKHNbQf,429-404-7940
92-2400294,Demetri,Benning,dbenningo0@webmd.com,1ZBVJwNi9Ie4,783-889-4221
57-2052403,Sarita,Whitehouse,swhitehouseo1@amazonaws.com,4k3JEL,212-466-8566
60-8599895,Melosa,O'Logan,mologano2@ca.gov,uCp62V,696-142-6889
47-5598629,Ebenezer,Ackermann,eackermanno3@who.int,myIURTlDoT,260-311-8183
62-3957205,Frayda,Baldacco,fbaldaccoo4@bbc.co.uk,aXV8peLVhzh,485-623-2625
99-0779098,Duncan,Sparling,dsparlingo5@businesswire.com,m6lJCMvL,464-666-6228
61-2039525,Bernice,Tattersdill,btattersdillo6@goodreads.com,Rq2dYcqd,752-370-2378
21-4775358,Wendeline,Ortas,wortaso7@hhs.gov,kiZSlGe2,557-793-2560
87-8881064,Cord,Blakey,cblakeyo8@answers.com,xuohi3lA,312-458-0751
84-0711706,Lind,Bales,lbaleso9@sourceforge.net,maGzXIh1XYW,847-241-3590
54-3482137,Neille,Clarridge,nclarridgeoa@1688.com,q2vCiR,300-829-0203
44-9992405,Debee,Trewhela,dtrewhelaob@google.ca,lPlgGXCbYl,749-739-2833
01-7233640,Aile,Thurlow,athurlowoc@nbcnews.com,41WBq9lc,992-119-7699
60-2658930,Patrica,Levet,plevetod@wp.com,FJpfPgJU,277-399-1643
71-9267830,Filippa,Mitton,fmittonoe@virginia.edu,2dnUaV,750-412-1667
33-9531905,Yettie,Hubbold,yhubboldof@dailymail.co.uk,MTN1qr,351-207-0110
60-4731589,Jud,Really,jreallyog@telegraph.co.uk,tfY7k7V,315-203-7565
64-0773894,Julio,Fatharly,jfatharlyoh@wiley.com,P1koXjR5C8my,555-374-4257
48-5756125,Kelwin,Paice,kpaiceoi@discovery.com,6V7B75tH1o,931-965-0471
66-5458255,Addie,Cabrales,acabralesoj@pbs.org,BUVm2c,228-343-2156
57-5931540,Libbi,Bengle,lbengleok@angelfire.com,hFBWSQKy7Ml,999-737-0338
25-4769966,Kelly,Gulliman,kgullimanol@tinypic.com,jJXVP6CTH,529-456-3350
09-5054382,Henka,Bagniuk,hbagniukom@webs.com,IMh3UF1c,930-148-2148
00-3614219,Margarette,Dreigher,mdreigheron@g.co,8Y4g0LywBx0j,914-366-3406
89-1078384,Kathrine,Mains,kmainsoo@dedecms.com,naCuij2PICs,151-197-7070
27-2071482,Lavinie,Anstiss,lanstissop@seesaa.net,nxE1FI0T,723-822-1069
24-1678358,Zonda,Tax,ztaxoq@slideshare.net,f3l6OU3WEtVe,687-266-8482
92-3111258,Wendall,Birkbeck,wbirkbeckor@wikipedia.org,6msASy,545-822-1956
23-4975825,Missy,Kop,mkopos@theguardian.com,nkWo0fAU,363-561-1624
02-7800960,Iggy,Latchmore,ilatchmoreot@sbwire.com,aYVC0K,423-376-1790
78-1803357,Shawna,Hawler,shawlerou@t-online.de,jzgCND,883-215-1750
46-3085858,Jaye,Apedaile,japedaileov@prweb.com,sSyXN5jiHm4u,649-353-7349
70-1919405,Toby,Maureen,tmaureenow@icio.us,lt65WH9rkSgp,815-680-0629
64-4834377,Burty,Rayworth,brayworthox@webeden.co.uk,pow151K,344-555-1369
66-8319624,Guido,Schubuser,gschubuseroy@sakura.ne.jp,bkNc7L2MS3,650-611-0566
08-2537526,Tiertza,Eadington,teadingtonoz@go.com,UC3413i0M,747-994-9244
56-8302733,Lian,Pepys,lpepysp0@disqus.com,Zf8tI4tnI,486-766-3788
80-7629464,Cecilio,Larver,clarverp1@networksolutions.com,gcaDkK,718-442-4140
86-4502700,Brandi,Densham,bdenshamp2@diigo.com,DhcsKuLuM,758-726-2726
02-2795741,Jakie,Crumbie,jcrumbiep3@artisteer.com,sC2Ss6,889-473-4732
95-4715961,Lindsy,Shropshire,lshropshirep4@ocn.ne.jp,iIJTxs5,373-591-0822
56-1729089,Gnni,Collete,gcolletep5@wunderground.com,13iMXt,172-481-2381
24-1491509,Farrel,Bernini,fberninip6@artisteer.com,kQK1wf,199-531-6121
14-2838017,Lexy,Osmar,losmarp7@google.ca,kSshbjdy,419-701-8110
08-5975543,Broderick,Spours,bspoursp8@usgs.gov,nAbd0cjS,538-895-5153
74-8460614,Ronnie,Gribbell,rgribbellp9@cpanel.net,Zn1Ij6bbL9,124-278-2275
03-7627268,Dalston,Heaton,dheatonpa@trellian.com,HEQOzQB9xlx,424-627-1716
80-6986985,Clo,Milch,cmilchpb@answers.com,YkWIsv73zD,179-820-9291
23-7292155,Luther,Grcic,lgrcicpc@ox.ac.uk,xGnP9AkN9q,693-346-9147
34-4383783,Raine,Lithgow,rlithgowpd@geocities.jp,r1HMkZhOvrKC,911-834-5784
54-4961663,Nara,Lister,nlisterpe@wikispaces.com,K39nmT,608-662-1372
64-4292384,Ag,Snoday,asnodaypf@tiny.cc,9bQ8vY,903-761-5494
56-9027137,Maurine,Sherratt,msherrattpg@fc2.com,P0Tm45Ls,237-499-8812
00-2871936,Mildred,Owbridge,mowbridgeph@altervista.org,uJEaohf,154-888-8984
01-3063429,Mimi,Newtown,mnewtownpi@flickr.com,cS8hhWK,909-457-3637
06-0582017,Dirk,Denerley,ddenerleypj@yellowbook.com,pXSQXhEU3cSD,459-886-4382
93-9006737,Sanders,Garmanson,sgarmansonpk@exblog.jp,E96AmBnQiH,687-727-3857
23-5721649,Pammi,Zohrer,pzohrerpl@vkontakte.ru,2gszwfq,421-181-4249
33-2874135,Deb,Yakovich,dyakovichpm@wsj.com,gC6AgWdnOm,532-112-0495
86-0334248,Vonni,Shapcote,vshapcotepn@123-reg.co.uk,LSVNPiT,123-191-0716
38-7453547,Tawsha,O'Logan,tologanpo@cocolog-nifty.com,c3ZqYPm,432-358-1457
80-6609283,Yehudit,Yesinov,yyesinovpp@noaa.gov,qa7AQs7JOX,485-156-7830
72-1185585,Veronica,Folker,vfolkerpq@npr.org,gjlC53OBF,200-676-8599
04-1041043,Riccardo,Gilburt,rgilburtpr@1688.com,8DSLE7,510-553-7740
43-4248908,Page,Heintsch,pheintschps@nationalgeographic.com,J5nZWlp,414-464-2558
73-5383325,Abbie,Kingsly,akingslypt@mlb.com,AKXGpR26,656-255-2572
09-8656698,Fanni,Harroll,fharrollpu@tripadvisor.com,O4mI6Fs,442-609-6292
99-0003939,Etheline,Syme,esymepv@cocolog-nifty.com,6DOQZq,829-499-5676
92-2810605,Lidia,McColley,lmccolleypw@europa.eu,zQDIwb0zKd,668-657-0876
06-2151679,Othelia,Dumphy,odumphypx@sciencedirect.com,Zu5lsy,246-963-8398
43-8941115,Mylo,Lamey,mlameypy@pcworld.com,HDbFvJt,801-525-9760
25-3380805,Drugi,Schimoni,dschimonipz@wp.com,fba3aHKVc,656-267-5421
17-9123320,Mathian,Leeburne,mleeburneq0@sciencedirect.com,SegktcAz,477-951-8631
96-8584414,Luz,Reilly,lreillyq1@baidu.com,uFXLlmOo93C,626-540-3546
00-6148389,Mischa,Farlamb,mfarlambq2@shop-pro.jp,KZ2yl1zx,952-189-7726
71-1409329,Ewell,Ordidge,eordidgeq3@cmu.edu,zw0eHkV,941-488-1490
77-1328726,Carlyn,Watters,cwattersq4@ameblo.jp,dN3gthKW,662-141-7266
75-4592199,Reggy,Strauss,rstraussq5@clickbank.net,qXdt9f,949-685-5945
53-9520575,Izaak,Largent,ilargentq6@opera.com,2cRTHZr,845-252-7876
15-7620688,Karim,Whitehouse,kwhitehouseq7@hatena.ne.jp,1dmQ46kYt,101-638-6018
10-4726607,Serene,Warren,swarrenq8@photobucket.com,3xOdw0V,894-929-0965
46-9288497,Ailis,Skerm,askermq9@ftc.gov,opEa3bdNU,887-230-0674
69-4148401,Curt,Averies,caveriesqa@squidoo.com,Aeyh7JPryaPa,116-633-7870
42-0585786,Vicky,Novis,vnovisqb@imgur.com,ndIjl1,854-489-6637
29-8981441,Loni,Huie,lhuieqc@kickstarter.com,rgS1c3deJC,131-226-0680
46-1840141,Dar,Workman,dworkmanqd@wix.com,lxyNt4vj6G,788-293-9850
77-4716112,Anabal,Niece,anieceqe@nsw.gov.au,IuTMu3uLQ,970-896-8407
35-7249110,Stavros,MacInherney,smacinherneyqf@jalbum.net,v9mUK6R,912-943-0603
03-2961499,Kit,Powderham,kpowderhamqg@spotify.com,RxM1VvTTBfz,694-572-0253
67-6664915,Nancy,D'Arrigo,ndarrigoqh@shop-pro.jp,5hhFSCUd,501-808-4621
27-4170739,Maryanna,Foyle,mfoyleqi@rediff.com,K5JZf7FCuj98,795-113-9970
96-4255533,Rip,Elcocks,relcocksqj@nyu.edu,kRExP97VTZYa,890-925-3758
17-5997983,Denna,Mangan,dmanganqk@last.fm,WpB78L,322-657-4861
29-2192400,Samuele,Anersen,sanersenql@odnoklassniki.ru,XQWZba,808-237-7525
79-2390817,Lia,Mattersley,lmattersleyqm@surveymonkey.com,DdqH30gy,350-174-8403
26-0789059,Judon,McKeowon,jmckeowonqn@google.com,xoLdt6A,437-489-7418
16-4734047,Annnora,Cowsby,acowsbyqo@cbsnews.com,J6jkbE,876-906-6808
80-5433303,Parke,Nancekivell,pnancekivellqp@zdnet.com,NQe5FWdyWj,228-105-1521
11-1751733,Molli,Viant,mviantqq@wikipedia.org,aCwX2c7dcW,906-433-8946
92-8195543,Carrol,Butt Gow,cbuttgowqr@g.co,pjTMLZs,493-301-1090
89-1075424,Colline,Ormshaw,cormshawqs@wp.com,t5eQllhjz7vn,584-779-7872
29-5267340,Monte,Fasson,mfassonqt@pen.io,cnG0mbraew,227-313-9167
19-1587349,Carney,Andrick,candrickqu@statcounter.com,3fhs0odnRZna,599-697-4692
09-4558504,Roy,Kinsella,rkinsellaqv@skyrock.com,y4YhpC,938-902-0518
63-7981920,Mitchael,Brick,mbrickqw@cbsnews.com,CTGGLR,591-262-6723
20-4300170,Chaddie,Conford,cconfordqx@toplist.cz,MIlIayeL0,215-381-8668
46-7103358,Davie,Betton,dbettonqy@digg.com,C81BhC,177-233-3574
66-7436801,Isaiah,Collidge,icollidgeqz@prweb.com,0CTGKa2zLp8,984-598-8367
88-1144468,Kyrstin,Morrilly,kmorrillyr0@blogspot.com,7eOjE7sKm,285-672-8956
63-0094793,Candice,Roulston,croulstonr1@nationalgeographic.com,tdPPGx15,391-556-6983
63-8853630,Margette,Thornham,mthornhamr2@mapy.cz,2qiY4l4TCPBZ,120-421-0382
99-8921802,Emmi,Bayley,ebayleyr3@harvard.edu,VrOTwGNVOPJO,361-551-4110
21-8651469,Yetty,Kiljan,ykiljanr4@google.pl,ay6Cr3Jt23u,427-781-9546
34-9271308,Valerye,Van der Beek,vvanderbeekr5@ocn.ne.jp,gRrtjDH8hb8,946-777-9381
07-3370228,Conrado,Jiras,cjirasr6@topsy.com,nveYYf,933-552-2695
80-6429715,Gertrudis,Townsend,gtownsendr7@japanpost.jp,IPmy39,221-309-1731
00-8544305,Rica,Hirtz,rhirtzr8@epa.gov,nTFuqm,868-266-3514
21-6933293,Sofia,Mougeot,smougeotr9@walmart.com,l9um3D0yOBf,802-462-2832
60-8365133,Gasper,Orrey,gorreyra@phoca.cz,K5S9Wqp,355-868-5449
44-1421866,Rosamund,Paragreen,rparagreenrb@technorati.com,q21ya4,345-359-1794
60-6545369,Ciel,Van Hove,cvanhoverc@cdc.gov,dm7ICIRE3W,156-369-6074
56-0424873,Kliment,Elwood,kelwoodrd@github.com,gg8RHSviiQxS,952-644-1921
44-2766637,Corliss,Hannond,channondre@barnesandnoble.com,8nYGKufU,602-651-5102
17-2795537,Tam,Barkhouse,tbarkhouserf@mapquest.com,9bGp7YtNFfq,354-396-4822
54-6671582,Hayward,Ravenscraft,hravenscraftrg@nih.gov,BD5dyTAvJNW,384-413-5834
37-3368031,Ingram,Crispin,icrispinrh@google.cn,FfGQhOLhpM,320-809-8418
46-9643333,Gweneth,Secretan,gsecretanri@yahoo.co.jp,rWSZyqT9cY,619-698-3327
29-5251176,Nadia,Fosdick,nfosdickrj@soundcloud.com,bISXfgKo,646-203-4721
18-4682425,Simone,Titlow,stitlowrk@livejournal.com,n9Wey4bU,648-269-7289
40-0530744,Alvera,Windridge,awindridgerl@imdb.com,IiD6GkWjgs,452-963-6914
92-3017755,Godfrey,Langhorne,glanghornerm@cbslocal.com,SPfoCyn9Owf,332-135-4382
55-1605342,Arlinda,MacPhee,amacpheern@google.it,MCiYCLqQ8ZBP,961-362-5493
49-6750015,Huntley,Luesley,hluesleyro@joomla.org,R1xSzQKd,788-193-6973
53-9777002,Lauren,Temporal,ltemporalrp@chronoengine.com,iXwTxL0,418-804-3388
39-3087109,Shannen,Maffy,smaffyrq@wsj.com,TNKt9hYI,804-124-8069
29-9605181,Bree,Ferencowicz,bferencowiczrr@vk.com,fiDDHJ93SJDl,247-842-1233
